1,Games
2,Electronics
3,Outdoors
4,Books
5,Home
6,Baby
7,Books
8,Automotive
9,Games
10,Garden
11,Beauty
12,Health
13,Home
14,Movies
15,Grocery
16,Books
17,Home
18,Automotive
19,Jewelery
20,Clothing
21,Clothing
22,Kids
23,Home
24,Baby
25,Tools
26,Kids
27,Toys
28,Baby
29,Outdoors
30,Movies
31,Health
32,Sports
33,Beauty
34,Tools
35,Automotive
36,Health
37,Music
38,Grocery
39,Tools
40,Movies
41,Music
42,Outdoors
43,Beauty
44,Shoes
45,Beauty
46,Electronics
47,Clothing
48,Computers
49,Automotive
50,Movies
51,Sports
52,Electronics
53,Outdoors
54,Beauty
55,Electronics
56,Garden
57,Automotive
58,Clothing
59,Electronics
60,Movies
61,Games
62,Beauty
63,Health
64,Home
65,Health
66,Tools
67,Tools
68,Automotive
69,Beauty
70,Clothing
71,Garden
72,Outdoors
73,Grocery
74,Grocery
75,Home
76,Home
77,Electronics
78,Beauty
79,Electronics
80,Garden
81,Games
82,Music
83,Electronics
84,Movies
85,Books
86,Outdoors
87,Computers
88,Jewelery
89,Computers
90,Baby
91,Sports
92,Electronics
93,Shoes
94,Health
95,Automotive
96,Clothing
97,Automotive
98,Sports
99,Outdoors
100,Computers
101,Garden
102,Toys
103,Shoes
104,Automotive
105,Grocery
106,Kids
107,Toys
108,Beauty
109,Games
110,Music
111,Tools
112,Baby
113,Games
114,Beauty
115,Home
116,Tools
117,Toys
118,Electronics
119,Jewelery
120,Jewelery
121,Automotive
122,Grocery
123,Clothing
124,Movies
125,Automotive
126,Industrial
127,Toys
128,Sports
129,Home
130,Beauty
131,Toys
132,Grocery
133,Beauty
134,Books
135,Outdoors
136,Automotive
137,Garden
138,Music
139,Computers
140,Garden
141,Baby
142,Kids
143,Health
144,Automotive
145,Baby
146,Industrial
147,Grocery
148,Garden
149,Music
150,Movies
151,Books
152,Music
153,Automotive
154,Kids
155,Home
156,Beauty
157,Computers
158,Toys
159,Baby
160,Kids
161,Kids
162,Jewelery
163,Beauty
164,Sports
165,Shoes
166,Garden
167,Sports
168,Books
169,Toys
170,Garden
171,Sports
172,Garden
173,Jewelery
174,Toys
175,Health
176,Grocery
177,Beauty
178,Industrial
179,Automotive
180,Computers
181,Outdoors
182,Clothing
183,Computers
184,Books
185,Automotive
186,Computers
187,Clothing
188,Beauty
189,Kids
190,Beauty
191,Toys
192,Games
193,Sports
194,Computers
195,Sports
196,Electronics
197,Tools
198,Home
199,Computers
200,Jewelery
201,Computers
202,Movies
203,Home
204,Books
205,Outdoors
206,Movies
207,Music
208,Beauty
209,Electronics
210,Games
211,Beauty
212,Grocery
213,Books
214,Tools
215,Sports
216,Sports
217,Electronics
218,Tools
219,Outdoors
220,Kids
221,Home
222,Shoes
223,Beauty
224,Automotive
225,Shoes
226,Industrial
227,Outdoors
228,Games
229,Health
230,Tools
231,Books
232,Sports
233,Grocery
234,Jewelery
235,Outdoors
236,Clothing
237,Baby
238,Movies
239,Beauty
240,Automotive
241,Kids
242,Kids
243,Toys
244,Industrial
245,Beauty
246,Garden
247,Sports
248,Grocery
249,Beauty
250,Garden
251,Computers
252,Toys
253,Jewelery
254,Computers
255,Clothing
256,Books
257,Garden
258,Beauty
259,Books
260,Books
261,Outdoors
262,Electronics
263,Music
264,Movies
265,Home
266,Industrial
267,Jewelery
268,Industrial
269,Computers
270,Baby
271,Automotive
272,Baby
273,Kids
274,Health
275,Home
276,Health
277,Baby
278,Books
279,Grocery
280,Movies
281,Automotive
282,Grocery
283,Garden
284,Sports
285,Health
286,Kids
287,Electronics
288,Jewelery
289,Music
290,Garden
291,Jewelery
292,Jewelery
293,Games
294,Baby
295,Outdoors
296,Music
297,Beauty
298,Clothing
299,Industrial
300,Kids
301,Books
302,Shoes
303,Clothing
304,Automotive
305,Books
306,Outdoors
307,Automotive
308,Music
309,Home
310,Tools
311,Electronics
312,Sports
313,Beauty
314,Health
315,Electronics
316,Automotive
317,Books
318,Baby
319,Books
320,Home
321,Computers
322,Toys
323,Home
324,Clothing
325,Jewelery
326,Electronics
327,Kids
328,Beauty
329,Beauty
330,Shoes
331,Clothing
332,Music
333,Movies
334,Kids
335,Toys
336,Toys
337,Baby
338,Toys
339,Shoes
340,Sports
341,Automotive
342,Toys
343,Music
344,Garden
345,Health
346,Shoes
347,Music
348,Garden
349,Home
350,Home
351,Clothing
352,Movies
353,Books
354,Games
355,Outdoors
356,Tools
357,Toys
358,Beauty
359,Beauty
360,Industrial
361,Music
362,Games
363,Tools
364,Games
365,Movies
366,Music
367,Movies
368,Outdoors
369,Garden
370,Movies
371,Tools
372,Home
373,Tools
374,Automotive
375,Kids
376,Jewelery
377,Jewelery
378,Health
379,Music
380,Tools
381,Tools
382,Industrial
383,Movies
384,Computers
385,Jewelery
386,Games
387,Shoes
388,Movies
389,Automotive
390,Grocery
391,Baby
392,Beauty
393,Health
394,Tools
395,Beauty
396,Automotive
397,Health
398,Jewelery
399,Clothing
400,Toys
401,Movies
402,Automotive
403,Outdoors
404,Jewelery
405,Beauty
406,Home
407,Beauty
408,Grocery
409,Beauty
410,Automotive
411,Electronics
412,Books
413,Toys
414,Games
415,Toys
416,Sports
417,Baby
418,Garden
419,Jewelery
420,Books
421,Movies
422,Toys
423,Music
424,Books
425,Kids
426,Computers
427,Movies
428,Computers
429,Garden
430,Grocery
431,Games
432,Toys
433,Health
434,Baby
435,Outdoors
436,Garden
437,Games
438,Outdoors
439,Toys
440,Automotive
441,Shoes
442,Health
443,Books
444,Outdoors
445,Health
446,Tools
447,Health
448,Baby
449,Garden
450,Beauty
451,Kids
452,Movies
453,Books
454,Games
455,Computers
456,Clothing
457,Tools
458,Industrial
459,Jewelery
460,Movies
461,Baby
462,Home
463,Toys
464,Shoes
465,Kids
466,Outdoors
467,Beauty
468,Industrial
469,Garden
470,Sports
471,Movies
472,Games
473,Shoes
474,Toys
475,Sports
476,Grocery
477,Garden
478,Beauty
479,Baby
480,Outdoors
481,Baby
482,Outdoors
483,Industrial
484,Kids
485,Shoes
486,Health
487,Grocery
488,Computers
489,Garden
490,Movies
491,Garden
492,Books
493,Music
494,Shoes
495,Jewelery
496,Sports
497,Beauty
498,Industrial
499,Jewelery
500,Industrial
501,Electronics
502,Industrial
503,Shoes
504,Tools
505,Garden
506,Shoes
507,Shoes
508,Home
509,Grocery
510,Clothing
511,Music
512,Shoes
513,Toys
514,Games
515,Computers
516,Industrial
517,Health
518,Home
519,Baby
520,Books
521,Grocery
522,Tools
523,Clothing
524,Books
525,Garden
526,Health
527,Shoes
528,Health
529,Books
530,Grocery
531,Computers
532,Outdoors
533,Baby
534,Tools
535,Music
536,Shoes
537,Shoes
538,Grocery
539,Outdoors
540,Electronics
541,Baby
542,Toys
543,Games
544,Jewelery
545,Clothing
546,Tools
547,Shoes
548,Beauty
549,Beauty
550,Music
551,Grocery
552,Kids
553,Electronics
554,Shoes
555,Home
556,Outdoors
557,Music
558,Computers
559,Books
560,Health
561,Baby
562,Shoes
563,Clothing
564,Kids
565,Tools
566,Home
567,Home
568,Music
569,Computers
570,Clothing
571,Grocery
572,Grocery
573,Outdoors
574,Electronics
575,Grocery
576,Baby
577,Industrial
578,Tools
579,Home
580,Movies
581,Shoes
582,Beauty
583,Automotive
584,Garden
585,Baby
586,Grocery
587,Books
588,Industrial
589,Beauty
590,Movies
591,Shoes
592,Movies
593,Sports
594,Health
595,Music
596,Garden
597,Shoes
598,Movies
599,Movies
600,Games
601,Books
602,Tools
603,Outdoors
604,Automotive
605,Electronics
606,Garden
607,Electronics
608,Automotive
609,Tools
610,Music
611,Industrial
612,Electronics
613,Shoes
614,Clothing
615,Music
616,Toys
617,Books
618,Electronics
619,Home
620,Movies
621,Garden
622,Grocery
623,Industrial
624,Beauty
625,Tools
626,Games
627,Clothing
628,Tools
629,Jewelery
630,Industrial
631,Games
632,Garden
633,Music
634,Outdoors
635,Industrial
636,Baby
637,Jewelery
638,Sports
639,Beauty
640,Tools
641,Electronics
642,Clothing
643,Music
644,Music
645,Computers
646,Automotive
647,Toys
648,Health
649,Games
650,Toys
651,Toys
652,Health
653,Electronics
654,Games
655,Garden
656,Electronics
657,Games
658,Toys
659,Electronics
660,Jewelery
661,Electronics
662,Outdoors
663,Games
664,Electronics
665,Industrial
666,Health
667,Kids
668,Industrial
669,Clothing
670,Health
671,Books
672,Music
673,Outdoors
674,Automotive
675,Sports
676,Toys
677,Garden
678,Music
679,Clothing
680,Sports
681,Garden
682,Movies
683,Jewelery
684,Tools
685,Automotive
686,Automotive
687,Clothing
688,Games
689,Music
690,Electronics
691,Books
692,Clothing
693,Industrial
694,Grocery
695,Tools
696,Jewelery
697,Electronics
698,Books
699,Toys
700,Automotive
701,Beauty
702,Music
703,Baby
704,Kids
705,Toys
706,Shoes
707,Tools
708,Sports
709,Grocery
710,Toys
711,Beauty
712,Baby
713,Music
714,Grocery
715,Garden
716,Games
717,Tools
718,Outdoors
719,Music
720,Home
721,Automotive
722,Jewelery
723,Electronics
724,Tools
725,Baby
726,Home
727,Toys
728,Music
729,Garden
730,Games
731,Beauty
732,Tools
733,Grocery
734,Games
735,Beauty
736,Baby
737,Games
738,Automotive
739,Movies
740,Baby
741,Sports
742,Toys
743,Baby
744,Movies
745,Health
746,Computers
747,Jewelery
748,Electronics
749,Health
750,Clothing
751,Industrial
752,Beauty
753,Electronics
754,Toys
755,Games
756,Tools
757,Clothing
758,Automotive
759,Sports
760,Beauty
761,Games
762,Health
763,Home
764,Industrial
765,Toys
766,Beauty
767,Music
768,Books
769,Toys
770,Electronics
771,Music
772,Health
773,Industrial
774,Baby
775,Music
776,Computers
777,Industrial
778,Tools
779,Automotive
780,Games
781,Music
782,Computers
783,Clothing
784,Games
785,Books
786,Baby
787,Industrial
788,Music
789,Kids
790,Shoes
791,Jewelery
792,Movies
793,Electronics
794,Grocery
795,Automotive
796,Beauty
797,Books
798,Movies
799,Beauty
800,Automotive
801,Tools
802,Jewelery
803,Shoes
804,Electronics
805,Kids
806,Electronics
807,Outdoors
808,Tools
809,Books
810,Computers
811,Industrial
812,Health
813,Automotive
814,Outdoors
815,Music
816,Toys
817,Tools
818,Beauty
819,Movies
820,Computers
821,Games
822,Music
823,Industrial
824,Home
825,Home
826,Movies
827,Industrial
828,Automotive
829,Games
830,Home
831,Grocery
832,Tools
833,Music
834,Outdoors
835,Electronics
836,Games
837,Games
838,Games
839,Baby
840,Clothing
841,Jewelery
842,Health
843,Tools
844,Health
845,Outdoors
846,Jewelery
847,Electronics
848,Industrial
849,Movies
850,Garden
851,Games
852,Garden
853,Clothing
854,Music
855,Shoes
856,Books
857,Jewelery
858,Health
859,Jewelery
860,Jewelery
861,Health
862,Toys
863,Shoes
864,Books
865,Automotive
866,Baby
867,Shoes
868,Clothing
869,Games
870,Beauty
871,Games
872,Books
873,Jewelery
874,Automotive
875,Kids
876,Games
877,Outdoors
878,Music
879,Sports
880,Computers
881,Books
882,Beauty
883,Beauty
884,Grocery
885,Industrial
886,Garden
887,Clothing
888,Industrial
889,Movies
890,Grocery
891,Industrial
892,Games
893,Automotive
894,Outdoors
895,Home
896,Music
897,Industrial
898,Automotive
899,Health
900,Industrial
901,Industrial
902,Garden
903,Music
904,Industrial
905,Toys
906,Movies
907,Outdoors
908,Shoes
909,Games
910,Home
911,Outdoors
912,Tools
913,Movies
914,Health
915,Industrial
916,Home
917,Electronics
918,Kids
919,Clothing
920,Shoes
921,Games
922,Sports
923,Beauty
924,Sports
925,Movies
926,Industrial
927,Books
928,Books
929,Automotive
930,Baby
931,Kids
932,Automotive
933,Books
934,Health
935,Computers
936,Shoes
937,Industrial
938,Health
939,Garden
940,Clothing
941,Shoes
942,Books
943,Beauty
944,Games
945,Industrial
946,Industrial
947,Industrial
948,Toys
949,Beauty
950,Home
951,Toys
952,Movies
953,Tools
954,Shoes
955,Computers
956,Electronics
957,Games
958,Beauty
959,Shoes
960,Jewelery
961,Sports
962,Home
963,Garden
964,Toys
965,Jewelery
966,Grocery
967,Tools
968,Beauty
969,Books
970,Games
971,Books
972,Garden
973,Music
974,Books
975,Grocery
976,Grocery
977,Shoes
978,Sports
979,Games
980,Tools
981,Computers
982,Toys
983,Tools
984,Health
985,Games
986,Shoes
987,Electronics
988,Grocery
989,Shoes
990,Home
991,Industrial
992,Industrial
993,Home
994,Tools
995,Kids
996,Baby
997,Electronics
998,Tools
999,Garden
1000,Games
