1,1,85,Sullivan,883,Irvine,California,46766
2,2,44910,Service,1669,Boston,Massachusetts,51900
3,3,0,Schlimgen,2709,Woburn,Massachusetts,75991
4,4,99022,Derek,410,Salt Lake City,Utah,20362
5,5,1,Petterle,1732,Salt Lake City,Utah,64923
6,6,65570,Lakeland,856,Dayton,Ohio,18078
7,7,7084,Delladonna,1407,Oakland,California,15356
8,8,6140,Farragut,1134,Saint Cloud,Minnesota,69947
9,9,23702,Hintze,2939,Irvine,California,32595
10,10,566,Delladonna,334,Rochester,New York,91890
11,11,9072,Elka,2602,San Jose,California,31016
12,12,72,Holmberg,2056,Madison,Wisconsin,53675
13,13,5694,Kropf,2380,West Palm Beach,Florida,79887
14,14,224,Jenna,691,Evansville,Indiana,93849
15,15,2091,International,764,South Bend,Indiana,25710
16,16,4,Brown,2333,Jacksonville,Florida,48619
17,17,0,Main,613,Mobile,Alabama,77597
18,18,659,Schiller,2676,Houston,Texas,11946
19,19,5,School,501,San Francisco,California,79649
20,20,731,Arrowood,528,El Paso,Texas,44384
21,21,572,Basil,2681,Houston,Texas,65924
22,22,9,Duke,854,Dulles,Virginia,69064
23,23,119,Northview,2835,Fresno,California,54666
24,24,937,Granby,497,Zephyrhills,Florida,44608
25,25,5896,Nobel,1009,Phoenix,Arizona,83826
26,26,75917,Judy,754,Fort Lauderdale,Florida,13106
27,27,84422,Kenwood,2715,Alexandria,Virginia,67929
28,28,0,Paget,2154,Santa Barbara,California,15553
29,29,183,Mandrake,1674,Longview,Texas,24686
30,30,8,Drewry,1504,Durham,North Carolina,82952
31,31,68,Lunder,2046,New York City,New York,37671
32,32,49,Longview,1581,Las Vegas,Nevada,47058
33,33,23313,American Ash,2878,Jackson,Mississippi,76700
34,34,39536,Armistice,2999,Topeka,Kansas,48172
35,35,83,Stang,1455,Savannah,Georgia,93644
36,36,58,Hanson,1559,Huntington,West Virginia,45054
37,37,304,Village,2556,Saint Paul,Minnesota,89196
38,38,08460,Delaware,500,Memphis,Tennessee,38421
39,39,5698,Menomonie,2978,Los Angeles,California,84902
40,40,4508,Gateway,2379,Austin,Texas,36137
41,41,1,Goodland,1290,Everett,Washington,20273
42,42,9419,Hooker,2600,Beaumont,Texas,29919
43,43,57,Northridge,186,Pittsburgh,Pennsylvania,11906
44,44,8633,Hazelcrest,2401,Birmingham,Alabama,63785
45,45,75,Eastwood,2785,Indianapolis,Indiana,32175
46,46,23443,Pearson,1918,Pocatello,Idaho,85954
47,47,2,Laurel,2368,San Jose,California,91288
48,48,44,Upham,364,Honolulu,Hawaii,41896
49,49,500,Crest Line,2773,Bowie,Maryland,39449
50,50,100,Hovde,1372,Chattanooga,Tennessee,66875
51,51,98188,Jackson,51,Nashville,Tennessee,56520
52,52,61,Dexter,2421,Lexington,Kentucky,17485
53,53,6,Butternut,1191,Des Moines,Iowa,39921
54,54,17371,Talmadge,1113,Bethlehem,Pennsylvania,13374
55,55,1083,Knutson,2364,Saint Petersburg,Florida,16999
56,56,2,Caliangt,829,San Francisco,California,79749
57,57,2,Delladonna,817,Jackson,Mississippi,22082
58,58,722,Ramsey,2609,Las Vegas,Nevada,88408
59,59,88895,Kennedy,1838,New Haven,Connecticut,89074
60,60,6,Walton,565,Charleston,South Carolina,25964
61,61,2,Badeau,1067,Odessa,Texas,84066
62,62,9,Goodland,2880,Dallas,Texas,86051
63,63,37818,Oneill,953,Mobile,Alabama,97164
64,64,3187,Sunbrook,330,Charlotte,North Carolina,72058
65,65,24,Magdeline,1790,Flushing,New York,13096
66,66,07,Petterle,368,Saginaw,Michigan,73406
67,67,7,Graceland,1664,Canton,Ohio,65299
68,68,068,Division,323,Miami,Florida,69285
69,69,98579,Prairie Rose,1548,Pensacola,Florida,33562
70,70,27,Maple Wood,2569,Alexandria,Virginia,50753
71,71,41,Sunnyside,952,Salt Lake City,Utah,68096
72,72,72021,Debs,2847,Fort Pierce,Florida,32550
73,73,6399,Porter,2930,Honolulu,Hawaii,17141
74,74,1665,Village Green,1414,Seattle,Washington,81490
75,75,957,Shasta,647,Akron,Ohio,29664
76,76,0999,Lake View,1944,Memphis,Tennessee,66235
77,77,1758,Welch,2964,Memphis,Tennessee,19011
78,78,148,Bunting,259,Daytona Beach,Florida,91045
79,79,517,Donald,374,Vero Beach,Florida,62672
80,80,502,Sutherland,538,Denver,Colorado,17028
81,81,90594,Village Green,1311,Warren,Ohio,22387
82,82,388,Randy,45,Detroit,Michigan,10378
83,83,28021,Waxwing,2305,Jersey City,New Jersey,32908
84,84,2560,Lillian,1008,Mount Vernon,New York,28181
85,85,0766,Farwell,835,Monticello,Minnesota,15315
86,86,36,Magdeline,752,Mobile,Alabama,14489
87,87,809,Carberry,2380,High Point,North Carolina,78099
88,88,71226,Knutson,1091,Colorado Springs,Colorado,44351
89,89,9,Grasskamp,783,Paterson,New Jersey,40078
90,90,31,Heath,226,Alhambra,California,62333
91,91,30696,Fordem,110,New York City,New York,81329
92,92,4,Michigan,1883,Shreveport,Louisiana,77377
93,93,887,Upham,1575,Migrate,Kentucky,62891
94,94,660,Becker,2991,Tacoma,Washington,91319
95,95,0,Spaight,394,Portland,Maine,57507
96,96,1682,Weeping Birch,2459,Mobile,Alabama,35813
97,97,1,Shopko,1135,Cincinnati,Ohio,89762
98,98,11,Upham,2723,Dallas,Texas,61317
99,99,2,Twin Pines,1140,Sacramento,California,11510
100,100,813,Comanche,463,Fort Lauderdale,Florida,30310
101,101,66,Little Fleur,2140,Sarasota,Florida,23426
102,102,210,Butternut,1361,Fort Lauderdale,Florida,22852
103,103,263,Service,1975,San Jose,California,85432
104,104,3,Hudson,571,Newport Beach,California,35334
105,105,7,Raven,194,Saginaw,Michigan,84606
106,106,04,Ridge Oak,1041,New York City,New York,36456
107,107,2477,Bowman,2608,Durham,North Carolina,31317
108,108,71129,Golf Course,1608,Redwood City,California,20691
109,109,9,Banding,480,Dallas,Texas,84713
110,110,031,Thierer,34,Tampa,Florida,19188
111,111,089,Holmberg,332,Springfield,Illinois,23118
112,112,57,Debra,254,Alexandria,Louisiana,92840
113,113,9,Florence,2387,Omaha,Nebraska,37495
114,114,7369,5th,2889,Austin,Texas,88727
115,115,213,Amoth,2306,Simi Valley,California,91440
116,116,0,Marcy,2807,Chandler,Arizona,25074
117,117,130,Forest,1399,Boca Raton,Florida,96957
118,118,238,Green Ridge,2088,Fredericksburg,Virginia,11912
119,119,5,Lerdahl,2637,Jacksonville,Florida,75211
120,120,9759,Dorton,1401,Palm Bay,Florida,88506
121,121,45366,Comanche,2878,Boulder,Colorado,17631
122,122,914,Eliot,1913,Norwalk,Connecticut,34805
123,123,958,Cardinal,1621,Toledo,Ohio,66234
124,124,533,Summit,691,Aurora,Colorado,39838
125,125,47,Arapahoe,2019,El Paso,Texas,43240
126,126,537,Linden,2726,San Francisco,California,49515
127,127,78869,Melody,123,West Palm Beach,Florida,31304
128,128,25123,Corry,2186,West Palm Beach,Florida,61947
129,129,06840,Blackbird,473,Boston,Massachusetts,53186
130,130,4,Summerview,495,Topeka,Kansas,56582
131,131,2229,Lillian,1549,Tucson,Arizona,59256
132,132,560,American Ash,2667,Cincinnati,Ohio,50175
133,133,53,Randy,424,Orlando,Florida,54736
134,134,18491,Fairfield,1490,Springfield,Massachusetts,96684
135,135,836,Kim,1365,Pompano Beach,Florida,18810
136,136,023,Springview,2929,Long Beach,California,18367
137,137,9,Novick,1204,New York City,New York,56159
138,138,47,Melby,2197,Baton Rouge,Louisiana,67940
139,139,2419,Schurz,100,North Hollywood,California,31990
140,140,941,Del Mar,1276,Louisville,Kentucky,63034
141,141,5,Riverside,894,Columbus,Georgia,25841
142,142,784,Elmside,800,Englewood,Colorado,81533
143,143,302,Westend,1084,Newport News,Virginia,62310
144,144,31362,Kipling,2563,Trenton,New Jersey,34153
145,145,5,Manley,282,Tampa,Florida,18732
146,146,188,Portage,2541,Kansas City,Missouri,31501
147,147,18,Kipling,1242,Oklahoma City,Oklahoma,13356
148,148,403,Harper,1034,Columbus,Georgia,40808
149,149,7084,Hayes,207,Charlotte,North Carolina,63429
150,150,22,Porter,377,Gatesville,Texas,81836
151,151,76,Arapahoe,1343,Norfolk,Virginia,88097
152,152,5,Prentice,150,Tulsa,Oklahoma,43165
153,153,42323,Browning,2765,Canton,Ohio,79502
154,154,627,Beilfuss,1725,Stockton,California,55739
155,155,73,Coleman,2363,Sacramento,California,78300
156,156,2402,Kensington,236,San Jose,California,59380
157,157,32525,Mandrake,1683,Colorado Springs,Colorado,76756
158,158,52296,Calypso,2274,Hialeah,Florida,45432
159,159,757,Rockefeller,1833,Escondido,California,40858
160,160,4,Autumn Leaf,2119,Sacramento,California,46255
161,161,1872,Service,1931,Charlotte,North Carolina,66459
162,162,746,Paget,2474,El Paso,Texas,77388
163,163,8,Monument,2951,Minneapolis,Minnesota,85439
164,164,35,Birchwood,812,Syracuse,New York,55802
165,165,12,Barby,555,Charleston,West Virginia,98513
166,166,09,Pepper Wood,2483,Metairie,Louisiana,20381
167,167,813,Independence,1085,Tacoma,Washington,78989
168,168,103,Leroy,1151,Knoxville,Tennessee,95545
169,169,2,Novick,1406,New York City,New York,83589
170,170,0,Miller,568,Fort Pierce,Florida,94421
171,171,399,Buena Vista,1798,Eugene,Oregon,97168
172,172,36930,Lake View,1970,Washington,District of Columbia,75417
173,173,55,Sunbrook,637,Trenton,New Jersey,32531
174,174,633,Starling,1333,Sacramento,California,99265
175,175,00,Delaware,446,Richmond,Virginia,33858
176,176,6570,Blue Bill Park,475,Springfield,Illinois,16152
177,177,9,Lyons,1751,Tulsa,Oklahoma,53506
178,178,2,Gateway,2288,Kansas City,Missouri,22120
179,179,79,Macpherson,2529,Irving,Texas,44741
180,180,39712,Schurz,1082,Cincinnati,Ohio,69488
181,181,4,South,2789,Houston,Texas,23307
182,182,13,Delladonna,2380,Sioux Falls,South Dakota,40867
183,183,9,Service,1965,Frederick,Maryland,15837
184,184,42171,Surrey,1358,Santa Fe,New Mexico,61841
185,185,33,Gerald,1925,Waltham,Massachusetts,53385
186,186,376,Lakeland,1495,Virginia Beach,Virginia,50075
187,187,1,Bay,1843,Scottsdale,Arizona,25136
188,188,19444,Warner,990,Tacoma,Washington,83003
189,189,42,Brickson Park,2892,Aurora,Colorado,38895
190,190,2292,Sundown,2786,Saint Petersburg,Florida,23901
191,191,98,Graedel,1715,Huntsville,Alabama,82543
192,192,639,Novick,1749,Miami,Florida,53799
193,193,6579,Quincy,2297,Evanston,Illinois,56356
194,194,696,Menomonie,2647,Burbank,California,11573
195,195,5,Washington,2069,Knoxville,Tennessee,37304
196,196,28,High Crossing,1927,Richmond,Virginia,29207
197,197,908,Morning,295,Detroit,Michigan,92641
198,198,57172,Sutherland,1576,El Paso,Texas,44721
199,199,50,Mcguire,2329,Denver,Colorado,35777
200,200,13723,Fair Oaks,1226,Denver,Colorado,16984
201,201,9,Victoria,2719,Philadelphia,Pennsylvania,22065
202,202,9037,Schmedeman,1972,Suffolk,Virginia,56380
203,203,02,Graceland,592,Columbus,Ohio,71304
204,204,806,Armistice,894,Charleston,West Virginia,35013
205,205,2428,Algoma,1540,Phoenix,Arizona,22412
206,206,20,Heffernan,2511,San Antonio,Texas,82068
207,207,7,Manitowish,2778,Boulder,Colorado,10027
208,208,91719,Melody,1935,Portland,Oregon,18284
209,209,48,Hintze,1614,Madison,Wisconsin,75498
210,210,1,Southridge,2480,Pittsburgh,Pennsylvania,20488
211,211,95,Green,2638,Tucson,Arizona,98501
212,212,66619,Morrow,2988,Houston,Texas,21936
213,213,72,Shelley,2975,El Paso,Texas,28569
214,214,673,Buell,2553,Helena,Montana,83789
215,215,840,Sunfield,1834,Philadelphia,Pennsylvania,20185
216,216,7,Pepper Wood,329,Fort Wayne,Indiana,23482
217,217,78067,Leroy,1712,Daytona Beach,Florida,93045
218,218,414,Gulseth,564,Tampa,Florida,46587
219,219,58414,Eagan,2442,San Diego,California,28970
220,220,30,Charing Cross,2318,Stockton,California,44111
221,221,7,Jenifer,1265,Winston Salem,North Carolina,83596
222,222,94591,Surrey,1721,Bakersfield,California,72653
223,223,22,Memorial,1678,El Paso,Texas,84967
224,224,539,Northwestern,1051,Cincinnati,Ohio,80265
225,225,1406,Birchwood,1364,Tucson,Arizona,20158
226,226,621,Nobel,173,Rochester,New York,36370
227,227,1815,Service,140,Jamaica,New York,72817
228,228,05873,Swallow,2803,Peoria,Illinois,49803
229,229,53,Weeping Birch,1215,Seminole,Florida,49218
230,230,1,Lawn,328,Port Charlotte,Florida,48895
231,231,88,Moland,744,Boston,Massachusetts,32480
232,232,08,Waubesa,448,San Bernardino,California,50658
233,233,25340,Talisman,985,Dallas,Texas,11164
234,234,08410,Dottie,719,Littleton,Colorado,40475
235,235,72,Vahlen,1231,New Haven,Connecticut,89511
236,236,9,Bunting,2064,Pomona,California,15410
237,237,53,Anzinger,2659,Birmingham,Alabama,41230
238,238,7,Tennessee,1173,Norfolk,Virginia,10165
239,239,39,Manufacturers,1712,Colorado Springs,Colorado,37802
240,240,9424,Carey,2456,Oklahoma City,Oklahoma,78790
241,241,5915,Sommers,1726,Trenton,New Jersey,16997
242,242,78698,Loeprich,2337,Houston,Texas,38480
243,243,618,Farmco,835,New Bedford,Massachusetts,70706
244,244,894,Corben,2571,Shreveport,Louisiana,47888
245,245,15348,Montana,411,Rochester,New York,97293
246,246,53856,Dunning,1140,Detroit,Michigan,10194
247,247,24767,Dahle,1246,Baltimore,Maryland,43258
248,248,10429,Fair Oaks,2372,Waterloo,Iowa,38476
249,249,402,Village,1722,Columbia,South Carolina,83055
250,250,90912,Shelley,2870,Tampa,Florida,69486
251,251,3133,Fallview,1894,South Bend,Indiana,66645
252,252,802,Schurz,305,Baltimore,Maryland,73448
253,253,07823,Pearson,2660,Los Angeles,California,46177
254,254,37,Menomonie,1630,Charleston,West Virginia,10599
255,255,4050,Thackeray,2794,San Francisco,California,83791
256,256,69,Londonderry,2760,San Diego,California,10960
257,257,22,Hauk,1275,Arlington,Virginia,54521
258,258,48,Eggendart,559,Topeka,Kansas,75411
259,259,0349,Haas,1716,Pittsburgh,Pennsylvania,89235
260,260,40,Montana,143,North Little Rock,Arkansas,22745
261,261,7,Eliot,450,San Francisco,California,35219
262,262,74,Mitchell,1030,Washington,District of Columbia,37334
263,263,98,Cordelia,1278,Amarillo,Texas,32503
264,264,2017,Namekagon,1348,Ocala,Florida,63960
265,265,63,Bartillon,1502,Columbus,Ohio,91718
266,266,475,Summer Ridge,249,Iowa City,Iowa,53402
267,267,5680,Vera,1796,Winston Salem,North Carolina,58292
268,268,622,Drewry,70,Homestead,Florida,94584
269,269,30888,Elgar,1558,El Paso,Texas,65954
270,270,8063,Scoville,554,Tulsa,Oklahoma,45461
271,271,88,Memorial,2987,Palatine,Illinois,28404
272,272,3852,Kim,2112,Lincoln,Nebraska,30587
273,273,606,Paget,1706,Indianapolis,Indiana,24465
274,274,5532,Iowa,2100,Columbia,South Carolina,44569
275,275,966,Buena Vista,1714,Tulsa,Oklahoma,20934
276,276,38,Schiller,1438,Washington,District of Columbia,64552
277,277,0,Division,1358,El Paso,Texas,93802
278,278,3,Del Mar,2405,Chicago,Illinois,41009
279,279,15015,Main,536,Spokane,Washington,42195
280,280,61683,Haas,2022,Kingsport,Tennessee,43473
281,281,3,Glendale,1235,Hampton,Virginia,62627
282,282,6,Shoshone,232,Reno,Nevada,30132
283,283,4,Shasta,1921,Johnson City,Tennessee,65672
284,284,5518,Fuller,1045,Indianapolis,Indiana,99566
285,285,6,Nelson,1033,New Haven,Connecticut,80824
286,286,8,Kipling,250,Schaumburg,Illinois,60872
287,287,24,Elka,802,Topeka,Kansas,89278
288,288,5,Tony,318,Lafayette,Louisiana,90698
289,289,98,Carey,1134,Greensboro,North Carolina,28817
290,290,37,Namekagon,2385,Miami,Florida,28145
291,291,15703,Melby,2552,Las Vegas,Nevada,19458
292,292,3,Lyons,2297,Dayton,Ohio,17555
293,293,400,Londonderry,2766,Watertown,Massachusetts,35595
294,294,4,Walton,50,Edmond,Oklahoma,83586
295,295,0879,Hansons,1583,Shreveport,Louisiana,24402
296,296,81,Elgar,1036,Orlando,Florida,94774
297,297,9364,Green,1640,South Bend,Indiana,23366
298,298,73047,Moland,1314,Washington,District of Columbia,82239
299,299,3702,6th,2605,Palmdale,California,49933
300,300,812,Karstens,2768,Bakersfield,California,37975
301,301,08,Northfield,1172,Philadelphia,Pennsylvania,50120
302,302,660,Elka,115,Washington,District of Columbia,16324
303,303,651,Monterey,2019,Portsmouth,New Hampshire,39548
304,304,6,Old Shore,751,Sacramento,California,92128
305,305,49934,Towne,2742,Woburn,Massachusetts,33350
306,306,59257,Anderson,264,Anchorage,Alaska,71773
307,307,442,Blackbird,521,Decatur,Illinois,23276
308,308,0985,Haas,2072,Indianapolis,Indiana,18922
309,309,5,Goodland,2825,Buffalo,New York,30832
310,310,06221,Di Loreto,565,Charlotte,North Carolina,54951
311,311,17786,Forster,2725,Buffalo,New York,20599
312,312,58924,Sutteridge,2988,El Paso,Texas,13103
313,313,2155,Acker,2472,Midland,Michigan,15246
314,314,3,Sutherland,1727,Oakland,California,82148
315,315,64,Cambridge,1336,San Diego,California,87961
316,316,7741,Golden Leaf,2167,Baltimore,Maryland,29592
317,317,600,Amoth,334,Youngstown,Ohio,37370
318,318,588,Bellgrove,1163,Rochester,New York,75542
319,319,3,Miller,242,Newport News,Virginia,12516
320,320,2,Holy Cross,2453,Jacksonville,Florida,39890
321,321,0,Victoria,1486,Lake Worth,Florida,27642
322,322,08896,Dayton,725,Port Charlotte,Florida,48010
323,323,3721,Buena Vista,2028,San Antonio,Texas,88299
324,324,7,Westport,1054,Waco,Texas,52891
325,325,73,Norway Maple,247,Indianapolis,Indiana,47688
326,326,98583,Kingsford,2807,Louisville,Kentucky,41133
327,327,13,Cherokee,2123,New York City,New York,26081
328,328,56,Park Meadow,2113,Dallas,Texas,24733
329,329,43,Straubel,1587,Washington,District of Columbia,22389
330,330,04,Hintze,1695,Honolulu,Hawaii,53035
331,331,29716,Muir,560,New Haven,Connecticut,92168
332,332,7,Main,1169,Fairfield,Connecticut,87774
333,333,8,Melvin,1145,Reston,Virginia,26203
334,334,6,Sundown,2575,Sacramento,California,17643
335,335,52,Bellgrove,2611,Erie,Pennsylvania,67659
336,336,9,Orin,2316,Midland,Texas,14156
337,337,30609,Holy Cross,391,Colorado Springs,Colorado,39266
338,338,6,Heffernan,486,Monticello,Minnesota,83554
339,339,935,Northport,1710,Stamford,Connecticut,39552
340,340,29,Shopko,1512,Pensacola,Florida,92605
341,341,88,Bellgrove,2996,Boston,Massachusetts,11840
342,342,9892,Bonner,1374,Honolulu,Hawaii,98843
343,343,3686,Emmet,1494,New York City,New York,18340
344,344,44321,Carioca,1910,Norfolk,Virginia,16746
345,345,7358,Havey,2028,Montgomery,Alabama,63918
346,346,1,Texas,1543,Minneapolis,Minnesota,86099
347,347,55,Kennedy,1767,Brooklyn,New York,81557
348,348,66,Lakewood Gardens,374,Topeka,Kansas,96731
349,349,170,Garrison,1340,Charlotte,North Carolina,39722
350,350,02,Walton,2363,South Bend,Indiana,72177
351,351,0824,Spaight,60,San Diego,California,26050
352,352,49,Evergreen,888,Reston,Virginia,74483
353,353,8792,Springs,2122,Honolulu,Hawaii,63163
354,354,345,Cambridge,2007,Las Vegas,Nevada,90514
355,355,7895,Westridge,777,Houston,Texas,43095
356,356,36855,Chive,1915,Reading,Pennsylvania,33471
357,357,65965,Fremont,2542,Topeka,Kansas,30316
358,358,03172,Glendale,287,South Bend,Indiana,19906
359,359,97,Harbort,1750,Hagerstown,Maryland,23405
360,360,91,Grover,1243,Miami,Florida,82542
361,361,1,Brickson Park,1694,Pompano Beach,Florida,82460
362,362,18705,Badeau,1679,Washington,District of Columbia,23281
363,363,5,Fuller,1856,Portland,Oregon,12771
364,364,05204,Tony,2585,Sandy,Utah,49492
365,365,4,Dawn,683,Allentown,Pennsylvania,93713
366,366,64441,Bay,1355,New York City,New York,51010
367,367,92182,Summit,1879,Detroit,Michigan,72259
368,368,2378,Upham,28,Fort Worth,Texas,31202
369,369,49,Sloan,183,Houston,Texas,45946
370,370,74666,Hayes,1266,Fresno,California,24587
371,371,82623,Monterey,729,San Bernardino,California,11548
372,372,0,Thompson,2045,Van Nuys,California,54057
373,373,760,Surrey,2291,Alhambra,California,25156
374,374,494,Burning Wood,2338,Shawnee Mission,Kansas,15616
375,375,65,Hagan,943,Raleigh,North Carolina,60657
376,376,3340,Glendale,2455,Sandy,Utah,15736
377,377,2,Mandrake,1191,Aiken,South Carolina,26328
378,378,6,Schurz,2053,San Luis Obispo,California,31664
379,379,7,Shopko,1858,Omaha,Nebraska,54246
380,380,785,Johnson,456,New Haven,Connecticut,96560
381,381,0944,6th,379,El Paso,Texas,43280
382,382,0,Muir,1781,Boca Raton,Florida,65013
383,383,67067,Rusk,420,Des Moines,Iowa,12574
384,384,21,Dahle,1062,Macon,Georgia,59969
385,385,95,David,2709,Albany,New York,60156
386,386,25,Tony,705,Worcester,Massachusetts,92077
387,387,38546,Clyde Gallagher,2227,Irvine,California,23965
388,388,909,Spenser,579,Washington,District of Columbia,49630
389,389,6918,Coolidge,2532,Pittsburgh,Pennsylvania,43005
390,390,964,Dottie,419,Colorado Springs,Colorado,56779
391,391,57,Fremont,81,Cambridge,Massachusetts,26095
392,392,26103,Stone Corner,903,Columbus,Ohio,95943
393,393,31733,Karstens,2840,Sioux Falls,South Dakota,69184
394,394,0,Del Sol,1020,Santa Ana,California,34663
395,395,038,Doe Crossing,2346,Tacoma,Washington,73176
396,396,299,Esker,2452,Arlington,Virginia,16982
397,397,3,Schlimgen,2964,Boise,Idaho,12835
398,398,09233,Pankratz,1784,New Orleans,Louisiana,41402
399,399,1371,Westend,731,Colorado Springs,Colorado,27433
400,400,7572,Utah,1189,Knoxville,Tennessee,77471
401,401,94907,Parkside,121,Brooklyn,New York,39815
402,402,24,Mitchell,1342,Oklahoma City,Oklahoma,67863
403,403,9,Heffernan,742,Columbus,Georgia,95289
404,404,2,Welch,414,Oakland,California,24082
405,405,8,Butterfield,2857,Colorado Springs,Colorado,95133
406,406,250,Spaight,2013,New Haven,Connecticut,32798
407,407,10,Veith,777,Wichita Falls,Texas,62137
408,408,9,Rutledge,2939,Cincinnati,Ohio,79929
409,409,662,Forest Dale,2741,Oklahoma City,Oklahoma,36599
410,410,6905,Vidon,1664,Stockton,California,93090
411,411,758,Swallow,866,New York City,New York,31563
412,412,922,Thierer,2035,Sarasota,Florida,37459
413,413,76172,Derek,377,Dallas,Texas,90273
414,414,506,Arizona,1504,Pueblo,Colorado,65092
415,415,8,Aberg,2015,Anaheim,California,71164
416,416,4109,Scofield,2796,Port Charlotte,Florida,30028
417,417,824,Shopko,1872,Evansville,Indiana,53969
418,418,5,Memorial,148,Saint Louis,Missouri,23117
419,419,00299,Lotheville,1058,Wilmington,Delaware,97126
420,420,36,Meadow Ridge,2496,Omaha,Nebraska,14223
421,421,42260,Armistice,375,Garland,Texas,42180
422,422,278,Morrow,2161,Boise,Idaho,32294
423,423,35,Oxford,1713,Kansas City,Missouri,10474
424,424,3429,Rowland,1923,Memphis,Tennessee,53029
425,425,96,Maple,99,Minneapolis,Minnesota,53142
426,426,6,Bunting,726,Seattle,Washington,77228
427,427,3342,Hauk,2491,Louisville,Kentucky,42366
428,428,8,Dahle,508,Tacoma,Washington,66898
429,429,932,1st,2246,Saint Paul,Minnesota,97298
430,430,48912,Stone Corner,1447,Hollywood,Florida,76123
431,431,288,Columbus,777,Salt Lake City,Utah,13157
432,432,923,Schmedeman,2192,Atlanta,Georgia,26890
433,433,10585,Merrick,2467,Wilkes Barre,Pennsylvania,77081
434,434,00,Nobel,1363,Toledo,Ohio,34103
435,435,378,Esker,1995,Louisville,Kentucky,62284
436,436,08,Daystar,2489,Appleton,Wisconsin,27456
437,437,605,Elka,810,Virginia Beach,Virginia,28859
438,438,102,Buhler,2595,Lehigh Acres,Florida,78300
439,439,02,Rockefeller,2175,Greensboro,North Carolina,32709
440,440,2,Northwestern,720,Carol Stream,Illinois,57428
441,441,42,Prairieview,2261,Richmond,Virginia,34884
442,442,168,Center,1249,Naperville,Illinois,12542
443,443,37,Stuart,2684,Sioux Falls,South Dakota,99670
444,444,571,Dakota,2153,Charleston,West Virginia,66018
445,445,960,Mitchell,154,Merrifield,Virginia,98320
446,446,991,Lerdahl,258,Trenton,New Jersey,26417
447,447,799,3rd,448,Omaha,Nebraska,23336
448,448,491,Service,2660,Peoria,Arizona,80758
449,449,5085,Larry,1861,Aiken,South Carolina,79780
450,450,8,Bayside,2922,Washington,District of Columbia,69370
451,451,9690,Sheridan,2638,Birmingham,Alabama,45524
452,452,02,Brentwood,625,Oklahoma City,Oklahoma,94148
453,453,6,Wayridge,636,Miami,Florida,98480
454,454,1,Lindbergh,2404,Cleveland,Ohio,98469
455,455,10755,Westerfield,2407,Dayton,Ohio,92893
456,456,33,Nelson,520,Charleston,South Carolina,85746
457,457,22,Veith,1197,Des Moines,Iowa,96127
458,458,0818,North,2577,Los Angeles,California,29922
459,459,11315,2nd,2511,Palm Bay,Florida,25738
460,460,52533,Parkside,1818,El Paso,Texas,13985
461,461,915,Warrior,326,Albuquerque,New Mexico,11669
462,462,70,Messerschmidt,98,Bryan,Texas,47243
463,463,2774,Nancy,598,Los Angeles,California,93209
464,464,768,Carey,998,Phoenix,Arizona,83652
465,465,3,Ridgeway,1340,Colorado Springs,Colorado,84057
466,466,94403,Cardinal,1113,Washington,District of Columbia,82288
467,467,482,Forster,2621,Charleston,West Virginia,12113
468,468,35,Boyd,398,New Orleans,Louisiana,91188
469,469,45182,Oriole,1485,Topeka,Kansas,13527
470,470,14122,Darwin,1404,Louisville,Kentucky,46016
471,471,9,Dakota,759,Richmond,Virginia,33173
472,472,61,Spohn,502,Kansas City,Missouri,20332
473,473,3,Roxbury,99,San Francisco,California,34427
474,474,79983,Doe Crossing,433,Tacoma,Washington,90953
475,475,5148,Carberry,1687,Kansas City,Missouri,46666
476,476,88036,Heath,2010,Arvada,Colorado,31785
477,477,387,Fallview,737,Philadelphia,Pennsylvania,52796
478,478,95707,John Wall,1508,Atlanta,Georgia,38519
479,479,67,Quincy,2246,Springfield,Massachusetts,89868
480,480,7,Brown,9,Memphis,Tennessee,12027
481,481,35678,Eastlawn,2455,Melbourne,Florida,63231
482,482,1875,Grim,2175,Dallas,Texas,17859
483,483,62296,Westport,2817,Worcester,Massachusetts,84807
484,484,6,Talisman,1497,Detroit,Michigan,36727
485,485,234,Mosinee,507,San Bernardino,California,37168
486,486,22853,Sheridan,1546,Anchorage,Alaska,14054
487,487,470,Aberg,6,Salt Lake City,Utah,67612
488,488,3,Basil,2145,Louisville,Kentucky,77974
489,489,77372,Jackson,982,Minneapolis,Minnesota,87553
490,490,13,Elka,426,Baltimore,Maryland,85591
491,491,7811,Meadow Ridge,2550,Madison,Wisconsin,85802
492,492,7,Manufacturers,2433,Los Angeles,California,73718
493,493,3,Dennis,1404,Honolulu,Hawaii,26945
494,494,8,Ilene,128,Tacoma,Washington,34773
495,495,279,Kedzie,23,Atlanta,Georgia,20510
496,496,48,Hansons,324,Chicago,Illinois,31715
497,497,5997,Roth,744,Akron,Ohio,51510
498,498,83,3rd,1149,Waltham,Massachusetts,31197
499,499,7,Bluejay,2123,Houston,Texas,12534
500,500,1011,Golf Course,1863,Portland,Maine,55412
501,501,20097,Jenifer,2963,Norfolk,Virginia,65375
502,502,0388,Clemons,2770,Dayton,Ohio,46823
503,503,3183,Reinke,877,Sacramento,California,91866
504,504,00,Sunbrook,2176,Austin,Texas,50514
505,505,383,Gerald,934,Philadelphia,Pennsylvania,93799
506,506,351,East,2005,Johnson City,Tennessee,79920
507,507,8039,Mayer,482,Oklahoma City,Oklahoma,88204
508,508,3767,Crownhardt,217,Carson City,Nevada,59812
509,509,76181,Ramsey,50,Carson City,Nevada,21716
510,510,02,Dayton,464,Sacramento,California,40692
511,511,4192,Merchant,2848,San Jose,California,70743
512,512,0,Forest Dale,2354,Albany,New York,11236
513,513,411,Pleasure,828,Phoenix,Arizona,55630
514,514,9996,Crescent Oaks,430,Lancaster,Pennsylvania,82908
515,515,3,Moland,1010,Charlotte,North Carolina,98815
516,516,721,Magdeline,1194,Buffalo,New York,31574
517,517,87338,Eastlawn,109,Stamford,Connecticut,76165
518,518,0764,Florence,661,Columbus,Ohio,16139
519,519,82,Colorado,2560,Louisville,Kentucky,18844
520,520,7,Cambridge,1159,Wilmington,Delaware,96035
521,521,25197,East,2682,Lansing,Michigan,71636
522,522,5,Truax,2043,Lancaster,California,90108
523,523,21,Maryland,1428,San Bernardino,California,79266
524,524,8,Forster,1385,New York City,New York,38800
525,525,443,Evergreen,1537,Columbus,Ohio,38206
526,526,0849,Kennedy,714,Gastonia,North Carolina,65745
527,527,56,Norway Maple,2693,Dallas,Texas,28691
528,528,92020,Northport,2563,Boston,Massachusetts,43684
529,529,76,Macpherson,321,Washington,District of Columbia,59573
530,530,04659,Bultman,2063,Roanoke,Virginia,19237
531,531,169,Spaight,772,New York City,New York,23825
532,532,801,Crownhardt,2618,Frederick,Maryland,74082
533,533,464,Michigan,2247,Saint Cloud,Minnesota,96467
534,534,8324,Rieder,1781,San Francisco,California,84403
535,535,551,Green Ridge,2565,Tucson,Arizona,21873
536,536,36,Katie,2950,Miami,Florida,45830
537,537,10,Northridge,1474,Seattle,Washington,67656
538,538,97937,Dexter,169,Huntington,West Virginia,28626
539,539,7322,Swallow,79,Spartanburg,South Carolina,51288
540,540,07,Londonderry,1209,Tulsa,Oklahoma,61987
541,541,6,John Wall,528,Albany,New York,54977
542,542,68,Melrose,1806,Madison,Wisconsin,64821
543,543,66,Hovde,894,Washington,District of Columbia,23458
544,544,9,Clemons,2786,Wilmington,North Carolina,17939
545,545,7,Marquette,1871,Brooklyn,New York,42295
546,546,134,Washington,1042,Albany,New York,53864
547,547,145,Randy,1374,Los Angeles,California,75006
548,548,38,International,2107,Sacramento,California,15456
549,549,39690,Norway Maple,1143,Jersey City,New Jersey,97634
550,550,246,Hanover,1969,Fort Lauderdale,Florida,14408
551,551,171,Butterfield,1713,Newton,Massachusetts,53581
552,552,68,Clarendon,507,Columbia,Missouri,89647
553,553,4,Hauk,23,Charlotte,North Carolina,57966
554,554,17979,Dayton,2215,Stamford,Connecticut,56389
555,555,9241,Northview,1732,Mobile,Alabama,30394
556,556,29,Scott,2180,San Rafael,California,24868
557,557,529,Arapahoe,2906,San Diego,California,95521
558,558,43,Derek,1318,Los Angeles,California,49118
559,559,0,Miller,361,Lawrenceville,Georgia,87968
560,560,40,Lukken,726,Omaha,Nebraska,78943
561,561,526,Brentwood,1561,Miami,Florida,91695
562,562,39,School,1316,San Antonio,Texas,10924
563,563,16,American,2402,Philadelphia,Pennsylvania,10269
564,564,5031,Magdeline,1078,San Antonio,Texas,26773
565,565,9,Barnett,1690,New York City,New York,23636
566,566,1,Morning,901,Temple,Texas,41007
567,567,390,Fairfield,128,Little Rock,Arkansas,75558
568,568,737,Menomonie,2508,Tucson,Arizona,38025
569,569,13265,Kim,2686,San Diego,California,30608
570,570,37114,Northland,1509,Clearwater,Florida,34211
571,571,4,Leroy,2716,Minneapolis,Minnesota,99341
572,572,10,Ridgeway,1693,Washington,District of Columbia,32348
573,573,2,Pankratz,2735,Baltimore,Maryland,60096
574,574,05,Crescent Oaks,2468,Dallas,Texas,63376
575,575,09,Lawn,1502,Racine,Wisconsin,59338
576,576,5,Waywood,2708,Birmingham,Alabama,38884
577,577,93,Thompson,1505,San Luis Obispo,California,32100
578,578,70,Northfield,1146,Minneapolis,Minnesota,94831
579,579,252,Hanover,271,Houston,Texas,69873
580,580,52,Briar Crest,1672,Los Angeles,California,42228
581,581,422,Golf View,292,South Bend,Indiana,44181
582,582,2800,Village Green,1586,Littleton,Colorado,10498
583,583,1,Karstens,2278,Richmond,Virginia,70915
584,584,69039,Melvin,207,Lansing,Michigan,78999
585,585,58121,Fair Oaks,579,Falls Church,Virginia,75399
586,586,9688,Arapahoe,2763,Knoxville,Tennessee,77425
587,587,4,Daystar,2897,El Paso,Texas,73145
588,588,8719,Calypso,474,El Paso,Texas,96864
589,589,633,Fuller,664,Sacramento,California,72885
590,590,370,Nobel,877,Colorado Springs,Colorado,91867
591,591,42305,Bluestem,2139,Memphis,Tennessee,62474
592,592,81183,Bowman,997,Fort Lauderdale,Florida,19528
593,593,806,Mifflin,2091,Washington,District of Columbia,28578
594,594,24,Myrtle,500,Norfolk,Virginia,44812
595,595,3,Ridge Oak,913,Dearborn,Michigan,11053
596,596,0,Bultman,2073,Philadelphia,Pennsylvania,92570
597,597,3,Shelley,1180,Delray Beach,Florida,81978
598,598,3,Kinsman,618,Omaha,Nebraska,69170
599,599,501,Vahlen,2767,Wichita,Kansas,76169
600,600,74522,Fordem,254,Louisville,Kentucky,87844
601,601,272,Redwing,1845,Brooklyn,New York,34058
602,602,4,Hayes,2712,Largo,Florida,63144
603,603,57,Lerdahl,1950,Fort Wayne,Indiana,31667
604,604,157,Aberg,815,Wichita,Kansas,82715
605,605,14,Westport,188,Boise,Idaho,50429
606,606,94,Killdeer,1717,Pasadena,California,89603
607,607,06,Evergreen,365,Fresno,California,96852
608,608,58367,7th,2411,Las Vegas,Nevada,76257
609,609,10376,Beilfuss,99,Marietta,Georgia,70074
610,610,438,Artisan,2380,Oakland,California,85350
611,611,89,Schurz,2809,Boca Raton,Florida,71568
612,612,70,Lillian,765,Suffolk,Virginia,88748
613,613,2835,Elmside,2326,Long Beach,California,75832
614,614,5,Florence,2999,Mesa,Arizona,18067
615,615,46045,Troy,1629,Providence,Rhode Island,64929
616,616,2,Waxwing,2531,Denver,Colorado,22012
617,617,14,Daystar,2672,Baton Rouge,Louisiana,88382
618,618,493,Village Green,690,Lexington,Kentucky,36330
619,619,96,Crest Line,108,Austin,Texas,87685
620,620,3,Darwin,744,Daytona Beach,Florida,86079
621,621,16414,Southridge,2818,Sacramento,California,63450
622,622,70,Marquette,1579,Atlanta,Georgia,98697
623,623,35702,Chive,2692,Sioux City,Iowa,23094
624,624,55292,Ramsey,1659,Beaumont,Texas,37819
625,625,874,Clove,1238,Provo,Utah,90628
626,626,1,Service,1002,Garland,Texas,62840
627,627,3,Emmet,2452,Irvine,California,17539
628,628,0602,Summer Ridge,1340,Tacoma,Washington,58216
629,629,61668,Charing Cross,2118,Dallas,Texas,79002
630,630,2,Upham,872,Springfield,Illinois,27322
631,631,75,Lyons,629,Houston,Texas,95675
632,632,9,Monument,2207,Clearwater,Florida,20890
633,633,254,Pepper Wood,1189,Toledo,Ohio,22006
634,634,6651,Pennsylvania,1867,Detroit,Michigan,82065
635,635,89689,Petterle,2579,Saint Petersburg,Florida,57472
636,636,02802,Almo,333,Idaho Falls,Idaho,64537
637,637,37663,Upham,2732,Berkeley,California,93232
638,638,0,Park Meadow,742,Albuquerque,New Mexico,19810
639,639,53272,Oak,403,Vero Beach,Florida,81202
640,640,555,Walton,789,Des Moines,Iowa,90097
641,641,0983,East,678,Jacksonville,Florida,18543
642,642,7704,High Crossing,2863,Detroit,Michigan,75323
643,643,57,Darwin,700,Memphis,Tennessee,83116
644,644,436,Golf Course,2229,Dayton,Ohio,69819
645,645,98,Transport,1732,Honolulu,Hawaii,86775
646,646,203,Springview,1822,Kansas City,Missouri,23130
647,647,10402,Merrick,26,Harrisburg,Pennsylvania,79733
648,648,7810,Russell,1190,El Paso,Texas,29826
649,649,94412,Cascade,501,Newark,Delaware,55053
650,650,3,Debs,2456,El Paso,Texas,81234
651,651,4,Sugar,611,El Paso,Texas,89629
652,652,28,Lien,2254,San Antonio,Texas,84990
653,653,869,Ramsey,7,Portland,Oregon,39770
654,654,97,Lakeland,1106,Dayton,Ohio,60112
655,655,228,Pepper Wood,1464,Waterbury,Connecticut,22742
656,656,4,Muir,244,Saginaw,Michigan,95083
657,657,1,David,903,Springfield,Massachusetts,34247
658,658,05522,Butternut,1165,Tulsa,Oklahoma,25261
659,659,73,Autumn Leaf,2746,Lafayette,Louisiana,80855
660,660,21,2nd,2024,Washington,District of Columbia,49477
661,661,0,Gateway,1174,Sioux City,Iowa,88160
662,662,0,Atwood,2511,Panama City,Florida,43892
663,663,215,Spaight,1471,Memphis,Tennessee,27750
664,664,1,Maryland,364,Dallas,Texas,19363
665,665,595,Waywood,656,Suffolk,Virginia,96259
666,666,76155,Heffernan,40,Huntington,West Virginia,30315
667,667,49,Straubel,2923,Wichita,Kansas,62643
668,668,5497,Weeping Birch,2757,San Jose,California,10170
669,669,16835,Sugar,1648,Kissimmee,Florida,37090
670,670,7,Nancy,2133,Saint Paul,Minnesota,19598
671,671,07595,Kropf,330,Portland,Oregon,73071
672,672,88,Cardinal,1707,Savannah,Georgia,64146
673,673,0745,Prairie Rose,2023,Milwaukee,Wisconsin,64403
674,674,86498,Shopko,2286,Syracuse,New York,81311
675,675,618,Pankratz,1225,Phoenix,Arizona,43518
676,676,7769,Valley Edge,665,Washington,District of Columbia,86074
677,677,4897,Truax,380,Tampa,Florida,36017
678,678,6,Basil,1771,San Diego,California,56284
679,679,54,Red Cloud,1716,Indianapolis,Indiana,80604
680,680,2,Marquette,1024,Pueblo,Colorado,88065
681,681,41,Summer Ridge,2223,El Paso,Texas,91957
682,682,7453,Clyde Gallagher,2077,El Paso,Texas,38859
683,683,17088,Milwaukee,1299,Mobile,Alabama,46309
684,684,62,Eliot,1833,San Antonio,Texas,83568
685,685,9,Transport,891,Birmingham,Alabama,44516
686,686,216,Tennessee,53,Bryan,Texas,82810
687,687,88618,Helena,2484,Riverside,California,19288
688,688,269,Briar Crest,1507,Virginia Beach,Virginia,97510
689,689,54,Dixon,1386,Cincinnati,Ohio,41257
690,690,25,Linden,1055,Atlanta,Georgia,75229
691,691,304,Vera,892,Sacramento,California,24619
692,692,33,Hallows,45,Colorado Springs,Colorado,64003
693,693,2653,Menomonie,1856,Austin,Texas,60313
694,694,71143,Waubesa,1750,Philadelphia,Pennsylvania,63168
695,695,9,Elka,839,Miami,Florida,10834
696,696,6642,Crowley,1009,Eugene,Oregon,62602
697,697,254,Northwestern,2184,Portland,Oregon,55868
698,698,45250,Roth,1953,Seattle,Washington,80302
699,699,67,Bashford,774,Saint Louis,Missouri,68797
700,700,7,Mcbride,977,Vancouver,Washington,36652
701,701,8203,7th,29,Youngstown,Ohio,67378
702,702,4,Buhler,1463,Brooklyn,New York,32218
703,703,81932,Golf,1941,Peoria,Arizona,75588
704,704,7,Jenna,333,Salt Lake City,Utah,65201
705,705,8,Mesta,1468,Glendale,California,71473
706,706,02581,Knutson,678,Saint Petersburg,Florida,87383
707,707,87145,Hansons,1757,Oklahoma City,Oklahoma,88616
708,708,97830,Londonderry,372,Washington,District of Columbia,83044
709,709,8,Daystar,291,Charlotte,North Carolina,44536
710,710,49,Ludington,2941,Baltimore,Maryland,67946
711,711,3242,Crest Line,1322,Des Moines,Iowa,72704
712,712,2917,Sommers,947,Las Vegas,Nevada,56445
713,713,9934,Algoma,801,Atlanta,Georgia,65116
714,714,89965,Monica,1496,New Orleans,Louisiana,19121
715,715,30,Eagle Crest,2825,Saint Petersburg,Florida,17203
716,716,6963,Canary,1375,Saint Louis,Missouri,15781
717,717,65,Daystar,132,Knoxville,Tennessee,89452
718,718,90,Toban,2354,Brooklyn,New York,21619
719,719,2,Sachtjen,1016,Green Bay,Wisconsin,55355
720,720,825,Sherman,2819,Dallas,Texas,59413
721,721,98320,Meadow Ridge,1040,Las Vegas,Nevada,68106
722,722,397,Heffernan,2804,Omaha,Nebraska,33157
723,723,23,Knutson,1192,Henderson,Nevada,29843
724,724,930,Northland,2174,Sterling,Virginia,13776
725,725,1,Pleasure,2464,Mesa,Arizona,15234
726,726,9867,Manufacturers,1678,Provo,Utah,55111
727,727,7,2nd,2108,Reno,Nevada,85304
728,728,9046,Eagle Crest,1369,Dallas,Texas,14086
729,729,2662,Ludington,2633,Atlanta,Georgia,60122
730,730,72,Londonderry,1777,Tampa,Florida,97702
731,731,916,Fairfield,2940,Santa Clara,California,12371
732,732,30601,Bartillon,1188,Louisville,Kentucky,89074
733,733,908,Hermina,1553,Fort Myers,Florida,50111
734,734,4,Fieldstone,645,Tacoma,Washington,40975
735,735,86351,Magdeline,2557,New Orleans,Louisiana,43436
736,736,5701,Shelley,1807,San Bernardino,California,90147
737,737,2,Clemons,327,New York City,New York,73373
738,738,80725,Sutherland,1731,Salt Lake City,Utah,98104
739,739,4,Dexter,1021,Akron,Ohio,98986
740,740,2,Duke,1036,Pittsburgh,Pennsylvania,25241
741,741,135,Graedel,902,York,Pennsylvania,72170
742,742,3,Farragut,686,Waterbury,Connecticut,35447
743,743,391,Jenna,2269,San Diego,California,20291
744,744,75415,Veith,2878,Orlando,Florida,55854
745,745,246,Texas,1197,Jamaica,New York,99162
746,746,94575,Dryden,663,Cleveland,Ohio,99642
747,747,127,Gina,1584,Omaha,Nebraska,66925
748,748,4478,Chinook,1314,Santa Monica,California,65916
749,749,168,Mayfield,151,Terre Haute,Indiana,32892
750,750,6925,Heath,999,Evansville,Indiana,76889
751,751,0356,Towne,420,Des Moines,Iowa,21257
752,752,5,Merchant,539,Detroit,Michigan,81336
753,753,2,Dahle,1066,Washington,District of Columbia,22799
754,754,840,Susan,1835,Indianapolis,Indiana,11766
755,755,45,Corscot,2880,Lynchburg,Virginia,98644
756,756,791,Lerdahl,1163,Los Angeles,California,25613
757,757,86019,Eggendart,287,Gatesville,Texas,47487
758,758,2310,Nobel,2477,Dayton,Ohio,90068
759,759,5,Fisk,1373,New York City,New York,27177
760,760,88852,Caliangt,1922,Washington,District of Columbia,18424
761,761,6429,Eagan,692,Punta Gorda,Florida,56780
762,762,2606,Fairview,2360,Macon,Georgia,41432
763,763,1102,Atwood,1094,Baltimore,Maryland,68092
764,764,13,Glendale,1221,South Bend,Indiana,98114
765,765,49,Darwin,2857,New Orleans,Louisiana,40064
766,766,150,Dakota,271,Kansas City,Missouri,98588
767,767,8,Jay,859,Philadelphia,Pennsylvania,50210
768,768,77,Village Green,855,Saint Louis,Missouri,13853
769,769,195,Havey,217,Springfield,Massachusetts,59829
770,770,74646,Colorado,1781,Little Rock,Arkansas,28180
771,771,558,Clarendon,2475,Richmond,Virginia,10532
772,772,1772,Brickson Park,2253,Dayton,Ohio,98217
773,773,78160,Kedzie,2043,Atlanta,Georgia,57336
774,774,03474,Eggendart,1359,Boca Raton,Florida,33544
775,775,05,Elmside,1818,Harrisburg,Pennsylvania,59334
776,776,509,Shoshone,213,Fresno,California,82953
777,777,2631,Hollow Ridge,44,Pensacola,Florida,22744
778,778,9900,Myrtle,1648,Glendale,California,39429
779,779,34,Thompson,1425,Erie,Pennsylvania,20198
780,780,49,Glacier Hill,2359,Pittsburgh,Pennsylvania,11784
781,781,07664,Claremont,2827,El Paso,Texas,82096
782,782,5898,Armistice,587,Fort Lauderdale,Florida,55666
783,783,99,Helena,2921,Houston,Texas,73268
784,784,3080,Ronald Regan,982,Shawnee Mission,Kansas,46776
785,785,17056,Melby,734,Olympia,Washington,56784
786,786,51922,Bartillon,1521,San Francisco,California,80144
787,787,061,Brown,2992,Oakland,California,58163
788,788,25,Westridge,2925,Stockton,California,59532
789,789,79964,Holmberg,2780,New York City,New York,20712
790,790,23,Harbort,2224,Jacksonville,Florida,14956
791,791,6846,Mariners Cove,393,Lansing,Michigan,31341
792,792,66,Acker,1326,Houston,Texas,38514
793,793,91560,Mallory,1802,Shreveport,Louisiana,21036
794,794,49,Chinook,2401,Sacramento,California,55232
795,795,9,Colorado,2746,Spokane,Washington,22737
796,796,946,Derek,2863,Meridian,Mississippi,69304
797,797,82,Linden,1132,Sarasota,Florida,72833
798,798,935,Toban,279,Columbus,Ohio,19293
799,799,02275,Oxford,2632,San Diego,California,97690
800,800,816,Raven,1309,Hartford,Connecticut,12448
801,801,1582,Lunder,1837,Pocatello,Idaho,78728
802,802,04,Pawling,1591,El Paso,Texas,73755
803,803,14,Fulton,1350,Brooklyn,New York,96065
804,804,61,Maple Wood,1294,Charlottesville,Virginia,55167
805,805,4188,International,1173,Salt Lake City,Utah,15502
806,806,06346,Scoville,608,Tallahassee,Florida,20249
807,807,311,Scofield,1739,New Haven,Connecticut,49386
808,808,999,Starling,2015,Philadelphia,Pennsylvania,16382
809,809,38744,Bellgrove,858,Jackson,Mississippi,91652
810,810,181,Lakewood,892,Jersey City,New Jersey,45055
811,811,980,Maple Wood,1066,Phoenix,Arizona,42128
812,812,635,Service,2210,Lansing,Michigan,58492
813,813,922,Truax,1256,Albuquerque,New Mexico,23992
814,814,9929,Victoria,2252,Tulsa,Oklahoma,14513
815,815,03,Gina,2618,Texarkana,Texas,75436
816,816,4,Ridge Oak,203,Carson City,Nevada,31865
817,817,3,Debra,2291,Savannah,Georgia,65783
818,818,390,Fuller,141,Chicago,Illinois,69304
819,819,51255,Rigney,759,Arlington,Virginia,50465
820,820,401,Elka,2530,Charleston,West Virginia,35723
821,821,058,Warner,45,Honolulu,Hawaii,52724
822,822,480,Bowman,2354,Boston,Massachusetts,95732
823,823,21,Heffernan,2754,Lansing,Michigan,89393
824,824,62176,Columbus,2478,Greensboro,North Carolina,25221
825,825,52884,Express,2294,Phoenix,Arizona,78593
826,826,20,Fisk,621,Saint Cloud,Minnesota,28033
827,827,6467,Clove,2165,Springfield,Illinois,17854
828,828,94,Almo,102,Oakland,California,65430
829,829,210,Talmadge,2438,Palmdale,California,25534
830,830,181,Meadow Ridge,505,El Paso,Texas,31121
831,831,20,Ridgeway,2187,Fort Worth,Texas,32754
832,832,73,Melrose,1156,Anaheim,California,25759
833,833,209,Bunker Hill,1288,Elizabeth,New Jersey,77960
834,834,0308,Cherokee,178,Washington,District of Columbia,58858
835,835,379,Ridgeway,1655,Cincinnati,Ohio,76212
836,836,277,Sachtjen,2032,Las Vegas,Nevada,84198
837,837,10808,Parkside,2666,Chattanooga,Tennessee,75856
838,838,23065,Rieder,906,El Paso,Texas,39686
839,839,80,Talisman,106,Monroe,Louisiana,18078
840,840,5,5th,1177,Atlanta,Georgia,72776
841,841,39762,Northport,1072,Washington,District of Columbia,59795
842,842,4850,Forest Run,2219,Paterson,New Jersey,66476
843,843,194,Northport,2718,Stamford,Connecticut,86680
844,844,955,Erie,550,Bozeman,Montana,78977
845,845,2278,Lawn,617,Fullerton,California,93539
846,846,69,Algoma,1853,Naples,Florida,27336
847,847,301,Mifflin,1899,Honolulu,Hawaii,17513
848,848,80131,Jay,2314,Chicago,Illinois,44712
849,849,6,Almo,2384,Seattle,Washington,88243
850,850,65176,Talmadge,2904,Toledo,Ohio,96391
851,851,121,Del Mar,1820,Worcester,Massachusetts,69305
852,852,23719,Novick,2267,New York City,New York,92274
853,853,7296,Clyde Gallagher,1394,Houston,Texas,56516
854,854,6,Mallory,289,Terre Haute,Indiana,90463
855,855,1,Sunbrook,2683,Petaluma,California,93172
856,856,5,Canary,98,Detroit,Michigan,42576
857,857,88,Debra,2627,Detroit,Michigan,59322
858,858,8,John Wall,1136,Cincinnati,Ohio,89678
859,859,5397,Westerfield,1806,Charlotte,North Carolina,81610
860,860,36,Gina,26,Norfolk,Virginia,93542
861,861,0,Ohio,2869,Pensacola,Florida,50170
862,862,984,Farmco,1340,Fayetteville,North Carolina,42935
863,863,0,Acker,135,Chicago,Illinois,27853
864,864,32,Badeau,689,Orlando,Florida,55956
865,865,3335,Harbort,1033,Long Beach,California,14515
866,866,64,Weeping Birch,1831,Toledo,Ohio,19335
867,867,21391,Monterey,2793,Houston,Texas,76121
868,868,1,Lawn,2010,Sacramento,California,95691
869,869,42994,Lyons,801,Santa Clara,California,89971
870,870,49983,Everett,779,Saint Joseph,Missouri,47594
871,871,31,American Ash,2881,Pittsburgh,Pennsylvania,31824
872,872,52,Bluejay,315,Sacramento,California,84346
873,873,655,Commercial,1054,Melbourne,Florida,62381
874,874,2,Monterey,1374,Fort Worth,Texas,34589
875,875,35540,Green,1126,Morgantown,West Virginia,15736
876,876,4883,Mockingbird,2918,Dallas,Texas,14946
877,877,440,Holy Cross,2646,Saint Petersburg,Florida,87484
878,878,26837,Farwell,2653,Memphis,Tennessee,90717
879,879,58242,7th,1807,Washington,District of Columbia,97929
880,880,258,Drewry,351,Texarkana,Texas,36904
881,881,290,Everett,2617,Port Charlotte,Florida,81946
882,882,1542,Burning Wood,1294,Cincinnati,Ohio,24924
883,883,14,Transport,2368,New Orleans,Louisiana,28190
884,884,0,Barby,256,El Paso,Texas,61808
885,885,12739,Weeping Birch,2350,Jacksonville,Florida,19060
886,886,80358,Clemons,958,Raleigh,North Carolina,84605
887,887,7,Delladonna,1469,Houston,Texas,28503
888,888,3,Artisan,2295,Chicago,Illinois,40877
889,889,9185,David,1743,Pensacola,Florida,77344
890,890,94,Hauk,1049,Phoenix,Arizona,26248
891,891,6,Susan,2216,Washington,District of Columbia,51207
892,892,639,Wayridge,2565,Tucson,Arizona,50249
893,893,16246,Brown,1370,Louisville,Kentucky,58630
894,894,38,Portage,267,Lake Charles,Louisiana,77343
895,895,6,Lukken,2943,Washington,District of Columbia,51816
896,896,5,Larry,26,Marietta,Georgia,78908
897,897,8,Warner,1324,Valley Forge,Pennsylvania,29273
898,898,1,Hovde,1529,New York City,New York,34859
899,899,901,Parkside,2375,Northridge,California,60903
900,900,2711,Holy Cross,1816,Miami Beach,Florida,25513
901,901,4792,Transport,2729,Wilkes Barre,Pennsylvania,69187
902,902,6,Karstens,2235,Valley Forge,Pennsylvania,12739
903,903,2104,Golf View,1604,Fairbanks,Alaska,87200
904,904,5,Green Ridge,1515,Saint Louis,Missouri,44177
905,905,4095,Laurel,689,Missoula,Montana,33841
906,906,7189,Burning Wood,2602,San Diego,California,94660
907,907,359,Truax,1676,Louisville,Kentucky,21482
908,908,712,Artisan,2134,Whittier,California,63809
909,909,3,Sunnyside,1375,Denver,Colorado,32896
910,910,71378,Garrison,34,Springfield,Illinois,87005
911,911,2313,Glacier Hill,2232,Wichita Falls,Texas,18675
912,912,89303,Clyde Gallagher,93,Columbus,Ohio,49328
913,913,0,Lillian,2521,Seattle,Washington,91831
914,914,4,Mifflin,1303,Lansing,Michigan,42642
915,915,3968,Sutteridge,443,Roanoke,Virginia,19052
916,916,019,Welch,1446,Sunnyvale,California,90442
917,917,8967,Chinook,2840,Chicago,Illinois,95360
918,918,6,Huxley,2949,Detroit,Michigan,93067
919,919,6937,Saint Paul,1359,Mobile,Alabama,48284
920,920,9172,Drewry,1944,Yonkers,New York,76666
921,921,9023,Carey,2864,Lincoln,Nebraska,42630
922,922,71,Macpherson,1202,Oklahoma City,Oklahoma,74164
923,923,48528,Dexter,604,Austin,Texas,65264
924,924,591,Doe Crossing,1285,Brooklyn,New York,29363
925,925,59,Fallview,2713,Corona,California,52546
926,926,73,Thompson,2021,Sparks,Nevada,26577
927,927,212,Fremont,208,Jacksonville,Florida,30068
928,928,8730,Vidon,1061,Wilmington,Delaware,65615
929,929,98214,Bultman,1307,Beaverton,Oregon,43959
930,930,001,Bay,2811,Houston,Texas,93403
931,931,8,Truax,399,Seattle,Washington,72640
932,932,66496,Texas,1876,Fullerton,California,51334
933,933,18,Florence,1101,Watertown,Massachusetts,49186
934,934,158,Myrtle,2350,Buffalo,New York,62877
935,935,31,American Ash,2042,San Jose,California,42840
936,936,585,Meadow Ridge,1080,Charlotte,North Carolina,50494
937,937,85,Del Mar,648,Alexandria,Virginia,60816
938,938,980,Bunting,935,Memphis,Tennessee,39967
939,939,696,Troy,2689,Springfield,Illinois,49699
940,940,7421,Thierer,2540,Meridian,Mississippi,92953
941,941,6,Warrior,684,Rochester,New York,72615
942,942,15015,Lakewood,339,Raleigh,North Carolina,73406
943,943,35272,4th,2044,Dallas,Texas,11167
944,944,4039,Rusk,2700,Shawnee Mission,Kansas,93086
945,945,5,Knutson,1506,Las Vegas,Nevada,22467
946,946,93,Talisman,913,Philadelphia,Pennsylvania,76855
947,947,28399,Transport,1307,New York City,New York,78857
948,948,3249,Amoth,2635,New Brunswick,New Jersey,29566
949,949,901,Starling,2886,Albuquerque,New Mexico,13645
950,950,76301,South,2994,San Diego,California,24844
951,951,5,Corben,1103,Montgomery,Alabama,99524
952,952,88,Swallow,2802,Newport Beach,California,30009
953,953,18896,Elmside,1336,Portsmouth,Virginia,86479
954,954,4960,Mayer,342,Kansas City,Missouri,71270
955,955,1858,Leroy,2876,Shawnee Mission,Kansas,79311
956,956,55,Susan,2389,San Diego,California,70715
957,957,1,Crowley,2284,Scranton,Pennsylvania,70977
958,958,28237,Pawling,2493,Atlanta,Georgia,28108
959,959,3499,Starling,943,Houston,Texas,87329
960,960,7260,Farmco,1223,Augusta,Georgia,34920
961,961,792,Morning,112,Pensacola,Florida,63132
962,962,3,Express,114,Saint Louis,Missouri,98095
963,963,8,Meadow Valley,1950,Springfield,Illinois,70148
964,964,71391,Spaight,621,Grand Rapids,Michigan,12103
965,965,369,Trailsway,199,Fairbanks,Alaska,24989
966,966,01879,Sullivan,2901,Huntsville,Texas,11492
967,967,66073,Shasta,2257,Dayton,Ohio,64410
968,968,313,Gulseth,743,Las Vegas,Nevada,35039
969,969,05163,Maywood,794,Youngstown,Ohio,56324
970,970,6,Fulton,1101,Jackson,Tennessee,24232
971,971,7,Thackeray,746,Minneapolis,Minnesota,71325
972,972,92582,Old Shore,1991,El Paso,Texas,13778
973,973,2,Shoshone,2321,Springfield,Massachusetts,28099
974,974,2627,Fieldstone,295,Saint Louis,Missouri,80664
975,975,29,Green,467,Fort Pierce,Florida,43158
976,976,405,Reinke,2191,Dallas,Texas,53431
977,977,13922,Gulseth,2628,Littleton,Colorado,77488
978,978,619,Kennedy,2607,Baton Rouge,Louisiana,57639
979,979,4633,Talmadge,85,Anchorage,Alaska,18120
980,980,6678,Bobwhite,2703,Fort Wayne,Indiana,13991
981,981,44,Golf View,1077,San Antonio,Texas,85040
982,982,2445,Ilene,1718,Boulder,Colorado,32479
983,983,561,Annamark,579,Scottsdale,Arizona,23323
984,984,4754,Logan,836,Lake Charles,Louisiana,57552
985,985,84154,Sunnyside,1975,Pompano Beach,Florida,50070
986,986,94141,Talisman,1774,Akron,Ohio,49419
987,987,8,Sutteridge,113,Daytona Beach,Florida,66046
988,988,1903,Nancy,23,Pittsburgh,Pennsylvania,93823
989,989,77,Everett,2646,El Paso,Texas,74489
990,990,2,Center,95,Saint Paul,Minnesota,55676
991,991,40974,Grim,2254,San Bernardino,California,89885
992,992,847,Bartillon,924,Knoxville,Tennessee,98785
993,993,8,Lukken,1898,San Francisco,California,10898
994,994,4074,Bultman,672,Roanoke,Virginia,90092
995,995,4256,Carpenter,65,Washington,District of Columbia,72002
996,996,828,Reindahl,892,Springfield,Missouri,72934
997,997,490,Saint Paul,2967,Honolulu,Hawaii,18702
998,998,389,Caliangt,1284,Toledo,Ohio,82272
999,999,60653,Anderson,2646,Savannah,Georgia,44121
1000,1000,90906,Eastwood,1186,Colorado Springs,Colorado,79274
