1,Waylan,Matches,E,1999-09-24T04:46:54Z,FUgpDeT,7801.77
2,Aguie,Harrowing,Q,1966-07-29T08:56:11Z,jMxI5ZTeETe,31014.16
3,Kriste,Dicke,L,1987-12-08T16:59:02Z,yHpeGU3W8hSq,13074.34
4,Letty,Olivey,V,2004-02-28T18:27:23Z,cdH7eiqv,25450.97
5,Murvyn,Van Halle,N,1959-09-12T09:08:47Z,iiLCqN8e8,26888.10
6,Alissa,Esslemont,L,1990-04-14T15:19:27Z,3oK5jrFm7AV5,38260.40
7,Thom,Plett,G,1987-10-16T20:47:56Z,cUfHEm,48624.42
8,Welsh,Melchior,Y,2010-05-21T11:30:49Z,haJ46eoUhz3,33702.29
9,Karie,Juanico,D,1987-01-25T11:39:14Z,ayRzKvzWUbK,34372.42
10,Bili,Rozier,P,1961-04-10T18:29:15Z,ru6rLbjbagKN,4621.20
11,Eadith,Tearle,S,2008-06-22T02:49:08Z,jn4cF2Q,28223.23
12,Dall,Lothean,C,1996-01-17T00:39:33Z,gmcOBRK,16447.08
13,Reagan,Mold,V,1956-02-15T15:53:42Z,3MA1X5EM,26920.05
14,Paulo,Walley,Z,2005-02-20T00:03:32Z,zD6I1DpD8,18701.97
15,Eilis,Basire,B,1988-05-30T08:52:04Z,HFfNBo,14802.76
16,Phyllida,Jobin,B,1965-05-09T17:51:59Z,mWjGYCf3oSO,40838.25
17,Carlyle,Balderston,Z,2010-06-05T02:54:49Z,B3DAH30k7V4R,26408.04
18,Franny,Dolden,V,1954-03-24T19:55:50Z,yTSLVM9h,3707.33
19,Minnie,Stacy,V,1974-12-25T06:35:33Z,UoX8j6f92L,30491.92
20,Rock,Czajka,T,1960-06-07T17:07:42Z,znN7p18DpfAj,32703.99
21,Alisa,de Zamora,I,2004-08-25T10:08:53Z,roqANB,36882.36
22,Cori,Endle,P,1987-04-11T19:29:50Z,BmS27AalpAf,45710.20
23,Tamma,Hadlow,K,2012-03-31T10:54:18Z,RIspwO0ZMA,2034.80
24,Yulma,Longthorne,A,2000-01-17T19:05:47Z,hxR5IZr9,4464.45
25,Goldy,Kinmond,O,1976-12-26T07:56:03Z,GtxFMlq0Nn,8379.26
26,Stefanie,Gossington,Z,2009-03-30T15:31:05Z,rIbAyqDu,23505.32
27,Daven,Whitsey,L,1991-11-17T09:00:02Z,kzir7GxY8Am,48825.79
28,Wit,Steventon,W,1992-11-27T07:28:05Z,1lnlJI,38841.62
29,Francene,Jasper,W,1997-07-08T05:32:11Z,WElKkshos8hp,4463.52
30,Pia,Petow,W,1972-01-01T15:44:00Z,n2HwWalNKKPc,4336.59
31,Irwinn,Oxx,L,1970-03-16T16:10:10Z,8S1U03,23298.87
32,Clarisse,Dalliwater,M,1972-11-11T13:13:29Z,yTU66dG,18315.72
33,Clary,Angell,V,2012-10-25T00:44:25Z,4QkIg0GwcVIF,41059.93
34,Selina,Mouser,I,1958-03-13T22:22:32Z,TfjNOKeeecGv,41578.74
35,Leslie,Vedekhov,G,1986-02-20T02:59:53Z,CaAbHsQ2vpE,35812.06
36,Stafani,Duddle,Y,1982-01-12T15:04:21Z,qxvrrab,46877.82
37,Izzy,Breheny,K,2003-10-18T16:50:05Z,yrJPOUONrJZ,1886.14
38,Cynthie,Ulyatt,F,2016-09-24T11:08:53Z,lRexFyfL7PE,27454.61
39,Kristos,Bril,B,1961-05-04T19:13:07Z,AfSFE63u9vLQ,2001.98
40,Raynor,Ibbitt,M,1974-10-04T15:30:37Z,YKyone0M,1934.72
41,Jamal,Amor,E,1958-12-22T04:51:20Z,PO6AzY8hIw,16158.65
42,Arnold,Mazzia,N,1993-03-23T05:07:51Z,ogpjTTCSEYth,12167.33
43,Graham,Switsur,I,2005-03-29T08:24:53Z,efB3WU,33455.23
44,Sidonnie,Kobiera,O,1985-07-30T11:21:37Z,840BDuSbHDO,30029.75
45,Bale,Hollibone,T,2010-11-24T08:08:04Z,Aw22BBSVvfV,43975.34
46,Lelia,Nise,J,1968-05-27T11:51:31Z,YXWUtiKAW,14355.07
47,Taylor,Brager,U,1968-02-19T18:18:55Z,sDEYppB,47433.87
48,Margaux,Feeley,E,2000-04-26T21:37:21Z,3Zhfxsi41kcT,20894.09
49,Cleveland,Pountain,Z,2010-06-22T11:08:31Z,iOK5WBY,19283.09
50,Uriel,Maddox,H,1981-04-08T02:32:04Z,8fcvQSRz,5570.29
51,Liv,Passler,K,1952-01-01T17:27:54Z,1nv2MbRX,40321.70
52,Mariele,Stable,S,1962-03-18T12:44:48Z,TbgSQbHUH14,37520.09
53,Timmie,Menezes,P,1955-07-02T07:16:39Z,SfuOE9xdGPMf,19744.20
54,Stanton,Marjoribanks,R,1981-07-03T16:12:07Z,bVcNskcmNHYr,49910.13
55,Orlando,Lunbech,Y,2000-07-14T00:37:00Z,TfqM7rSmFk3,20729.76
56,Nobie,Trees,E,1968-07-30T04:30:59Z,TZvWoCyVU,11395.81
57,Sydelle,Linde,C,2010-05-02T04:47:27Z,iZLkYkR8kKa5,43549.44
58,Frannie,Castagnier,K,1971-05-15T16:52:27Z,54Vp3nJlalQ,12087.59
59,Hermia,Lenton,J,2014-12-28T08:47:46Z,0hiurp3DxA,10694.12
60,Kayle,Rotherforth,I,2016-03-31T12:28:24Z,MiC55O,16961.60
61,Krystal,Runcie,H,1966-06-04T06:43:58Z,53j4gmDwS3,46184.62
62,Lavinia,Pickerill,R,1952-07-11T13:07:19Z,modFWGb,5200.68
63,Christalle,Brymham,R,1991-07-19T20:32:33Z,zaC2HYc1L,10972.08
64,Egbert,Antowski,V,1951-04-18T08:24:36Z,GnNx0UeE57G,37371.38
65,Stinky,Lotte,Y,1967-02-13T04:14:03Z,X7STEOkjyYJ,2107.41
66,Shaine,Yuryatin,W,2010-07-10T19:41:50Z,8qEcvNxy0C1L,3172.91
67,Palmer,Harcus,Y,2002-05-17T10:10:41Z,Q0w3Npm,5100.33
68,Jamaal,Sporle,X,1996-06-01T21:20:17Z,zJRZyOm1hb,11242.89
69,Ronna,Ondrousek,E,2010-10-30T22:10:36Z,XH5IaV,37730.79
70,Janine,Shillinglaw,H,1992-09-29T16:52:16Z,dso3rfPb8pq,46000.18
71,Rica,Demschke,B,2017-06-03T07:56:05Z,90dWdFrQy,44537.29
72,Hailey,Tyres,J,1967-10-05T06:49:30Z,LnMUNPTnqOpO,29342.18
73,Demetra,Paschke,X,1984-08-28T08:37:17Z,09GP3bx,3451.97
74,Lonna,Ferier,I,1987-09-24T18:27:52Z,5ZIvqSN1d,29264.10
75,Harbert,Iacavone,T,1980-06-24T17:08:55Z,da0c3R1R0yX,45342.42
76,Margarethe,Jouen,U,1975-04-06T21:09:13Z,xIbMMj,37851.48
77,Bobby,Crone,S,2003-03-15T21:55:45Z,aYDhVZ6G2,23236.86
78,Derril,Ruddell,Q,1980-06-14T06:54:05Z,JmseCEC,20557.74
79,Samaria,Highway,S,1986-07-15T06:17:54Z,QKdUhq42xTh,9609.15
80,Erin,Armer,D,1990-02-25T10:16:19Z,C4sAaZAnbL,36572.32
81,Tymothy,Parslow,E,2005-01-25T11:17:58Z,GSiurHNSz,18058.07
82,Clarice,Crowthe,J,1963-06-30T12:30:10Z,yDBJubgj,35941.36
83,Neille,Swainson,F,1980-06-06T22:32:15Z,sB0evD,22363.51
84,Hubert,Perree,W,1986-07-09T11:46:26Z,MC2Ofjj,36071.36
85,Evelyn,Maginn,X,2002-10-16T02:44:57Z,L4EWiOvww0F,6327.27
86,Bil,Bice,T,1985-09-06T11:01:02Z,kns9Ay,34484.40
87,Meade,Hinzer,P,2005-01-11T15:18:32Z,DRbo5eVj3EQ,26829.47
88,Grove,O''Hickee,O,2008-02-03T04:30:42Z,IjEKbQmm1,19870.42
89,Cary,Plampeyn,F,1956-08-08T05:04:20Z,F9qHC0p7p1s3,26057.45
90,Donnajean,Korpolak,A,2012-02-01T03:10:38Z,nWmLIiE,33250.69
91,Modesty,Dabernott,V,1980-01-15T00:19:50Z,3RA1jKb,20243.50
92,Omar,Laverick,Y,1984-11-11T21:49:40Z,uoAKjVMHU,22509.34
93,Wallache,Gabites,J,1992-09-03T17:24:44Z,IIt8LnbW,19086.19
94,Mersey,Quadrio,Q,2002-02-08T00:09:36Z,ljoGdaSyhum,30555.62
95,Gay,Polye,U,2007-06-30T07:16:20Z,fIC8Jn9jM,46377.74
96,Decca,Lemonnier,T,2013-04-29T01:56:07Z,LZsVqgtRkiQL,11798.06
97,Travers,Ellwell,E,2013-02-20T12:11:51Z,BYrwR7,26735.06
98,Kerianne,Clemmens,K,1999-06-18T12:43:32Z,3ZDvfsjm1l,14780.91
99,Astrix,Booler,I,1991-08-26T13:21:44Z,MW57y6yCtsvO,43926.98
100,Jaymie,Wilcock,G,1985-04-08T07:58:39Z,tA1hHfOb,23562.16
101,Brandon,Lyon,H,1993-01-10T01:39:21Z,k7oP9JIFdewi,34040.27
102,Codi,Stolberger,C,1993-03-08T14:37:01Z,HanaoY,32797.88
103,Flint,Elsey,J,1999-05-17T02:48:05Z,REhKHs,5484.97
104,Addie,Cornford,R,2009-03-06T10:44:22Z,459o6aqf0tNT,21251.53
105,Karee,Coleridge,Z,1989-09-09T15:46:46Z,c33lfX,4618.25
106,Reider,Fitch,X,2003-01-30T00:24:37Z,s2UKV6,40897.98
107,Eduino,Brisbane,S,1965-01-04T03:26:38Z,avghf0R,38954.94
108,Georgie,Philips,E,1984-02-27T01:09:00Z,Fbww4VF,36402.59
109,Hamid,Littleover,P,1979-08-30T05:30:19Z,kD0C8c,9774.28
110,Leighton,Klesse,O,2001-04-24T01:52:59Z,QvOmShkBBuWq,39035.63
111,Debee,Rosenfelder,W,1973-06-22T23:34:28Z,if1psp6q8Mx,3229.04
112,Shelby,Farland,B,2004-02-22T00:17:17Z,GXbDru0eVasO,43804.78
113,Etheline,Lindstrom,O,1979-03-28T16:35:09Z,lbHPnL,31117.00
114,Townie,Ahearne,D,1980-05-15T12:15:32Z,w8A3ujl,7498.73
115,Cecilla,Miklem,V,1958-02-04T07:09:48Z,Q99VT8eg8FlI,27312.82
116,Issie,Dodshun,U,1974-10-14T15:42:18Z,mUhcOY,47198.66
117,Nev,Vaughan,J,2000-03-08T12:41:19Z,o603KnMFdXxj,13100.40
118,Austina,Dikles,N,2010-02-11T06:42:55Z,W7BqdaUi,25449.06
119,Marsh,Wildes,B,1980-12-04T13:57:41Z,l8Jgjqyn,4432.58
120,Juanita,Siman,O,2005-04-27T15:25:03Z,Oc4tmOH,41461.80
121,Whitaker,Eginton,D,1982-10-21T13:37:53Z,4GpKDGuMzsKl,33893.31
122,Ingeborg,Redholls,X,2013-05-20T09:20:38Z,0v9uIPKHK0,1423.29
123,Kane,Gratton,G,1970-09-04T08:47:50Z,0Tj1S1NX9B,28149.12
124,Willi,MacMeanma,S,1963-02-10T16:07:39Z,5iRyxLk,42297.91
125,Curr,Kofax,K,1997-01-23T17:47:04Z,JrZzNw,34896.74
126,Winfred,Petett,S,2007-09-16T10:28:43Z,syijE7mQnIhR,28734.67
127,Bram,Gundry,F,2015-03-14T06:39:03Z,AZYUfc,38156.32
128,Eilis,Varley,B,1966-05-25T02:29:19Z,Bpx1dVKTA,11730.85
129,Harrie,Grewer,E,1962-04-16T00:19:47Z,RRNF8Q,48034.09
130,Franchot,Vearnals,F,1975-10-27T04:27:40Z,zd0wpWTc8,7489.12
131,Parnell,Samter,O,1973-11-07T11:02:59Z,CY3G5yy,17900.05
132,Darsey,MacWhan,J,1972-09-01T18:50:54Z,sxnHgRqYu,29754.83
133,Phyllis,Osburn,E,1973-03-04T18:21:26Z,uOPJR9JWJ1,46076.05
134,Paola,Wiffler,L,2003-09-05T06:55:15Z,rnqtNG7jP8l,13194.53
135,Wesley,Coit,G,2015-03-06T17:09:14Z,vuSKurABpzn,46156.07
136,Murdock,Ranvoise,T,1958-07-11T20:31:07Z,VA2kEaMJ,20221.64
137,Correy,Pley,Y,1958-06-15T07:37:52Z,290lzfn,9548.04
138,Farrand,Tallon,E,1973-07-04T14:09:15Z,8G7Jvbl6s5w,32907.61
139,Myrilla,Fido,V,1989-10-07T15:42:36Z,rVqxtF,42660.79
140,Starlin,Dadge,G,1975-06-13T12:34:04Z,oDzGz9,41465.64
141,Tom,Penhallurick,J,2005-04-18T13:14:10Z,pZSF10Z00,22635.29
142,Gratiana,Tape,W,2000-12-24T15:18:31Z,bGT0MCnaF,11172.88
143,Alicia,Sinton,D,2002-06-08T06:18:02Z,kbGLWgAOwcB,17823.84
144,Leopold,Beardsall,B,1985-12-15T00:27:22Z,s5V4JfoRV,25416.24
145,Daryle,Bernollet,G,1974-03-04T12:37:31Z,26qgbsaCkXB,9762.40
146,Jolie,Levecque,V,2002-05-30T12:21:06Z,7rn6Z51l,34046.46
147,Alyce,Ramelot,E,1956-04-18T17:53:15Z,OzHB2CWiIxEI,33848.40
148,Maye,Osorio,R,1964-05-08T10:13:06Z,zgWwD75,8376.24
149,Jobina,Raveau,W,2002-12-02T02:20:23Z,E1s38hMx4Q9n,19076.45
150,Stephan,Guillotin,C,1971-03-24T07:38:03Z,5Q0aipfi1d,26705.83
151,Peterus,Gingedale,G,1971-10-24T04:29:42Z,8dQmWWLjt,25272.08
152,Packston,Tinmouth,V,2016-06-05T16:45:08Z,TtiXExdAsrjA,16246.68
153,Delinda,McNelly,O,1992-09-20T20:11:19Z,dgaom63j,7059.60
154,Todd,Blencowe,Q,1980-09-24T06:17:02Z,YY1eEmakE,30276.08
155,Burt,Jillions,Y,1966-08-16T03:44:43Z,OQIPGKkeM,20065.70
156,Penny,Waight,J,1970-04-05T14:52:14Z,QQkZfWO1KRH3,48941.30
157,Veronika,Lindley,R,1992-01-17T00:48:22Z,6OtnvMd3Mw,5287.16
158,Drona,Laterza,P,1968-01-12T19:51:48Z,tqUREDwGTh,19233.38
159,Catarina,Bradnocke,T,1972-12-18T21:10:27Z,1pV4BSnJqDV,22389.17
160,Nester,Tunnow,N,1955-02-13T17:04:47Z,8VMCH92jJl,33390.03
161,Talia,Pantridge,H,1985-03-31T13:01:29Z,lQuAvSLW8LL,14744.69
162,Dodie,Coles,D,2005-01-28T02:00:09Z,H4YZVVbzw,34270.51
163,Claire,Macveigh,E,2012-09-17T02:08:47Z,THLCopiKZ,28452.31
164,Janina,Harnor,S,2015-08-17T15:41:05Z,RiuCP27aed,806.38
165,Rochelle,Gribbell,F,1984-08-18T23:23:05Z,dMpjm4TsT,15275.37
166,Valina,McVeighty,T,1951-09-21T23:45:31Z,v6SHouk,26658.42
167,Sonya,Streight,Y,1958-05-03T13:29:56Z,nYSVCXRTb,40848.26
168,Lotta,Linstead,L,1996-08-31T00:07:40Z,EEXi9M9qU,8936.03
169,Jerome,Toppin,H,1990-06-14T08:21:48Z,wq5swzvWt,47091.84
170,Joy,Wooddisse,D,1981-12-09T07:26:54Z,edjzWzDTluJ,47640.28
171,Suzette,Foulds,F,1997-10-12T23:55:49Z,3iVIpDq,25514.77
172,Florian,Rosenberger,U,2013-08-17T01:33:44Z,9FiPw2,45386.18
173,Eudora,Giddons,F,1961-07-25T04:03:34Z,Yu2npbJ8TpGH,14523.68
174,Ruthann,Klejna,P,1958-10-12T11:07:57Z,HZkEMqh,9455.75
175,Antin,Phettiplace,M,1972-06-20T22:00:42Z,blch7l0j,27887.58
176,Marrilee,Blamey,W,2011-02-08T05:42:19Z,YYnwQj,15229.18
177,Hobart,Beurich,Z,2004-09-21T00:04:40Z,1P2B5m,22352.15
178,Alanah,Mitkcov,Q,2010-05-18T04:16:21Z,ZXjN9bOzxXmm,30341.50
179,Reed,Kiloh,H,2000-01-24T09:58:12Z,sWY0uZdn,29177.46
180,Randolf,Lindsley,Q,2007-07-14T00:59:05Z,1ncyctsT,48268.19
181,Lovell,Pauwel,D,1953-12-10T05:27:25Z,qewK61V,32966.63
182,Tarrance,McIlwain,C,1959-06-21T11:27:59Z,rEHIg0u7tfc8,13317.18
183,Felecia,Karel,B,1998-11-17T03:31:33Z,LZFT9u,24231.57
184,Thibaud,Wyson,K,1955-12-21T06:48:51Z,ftV0dC6GAxE,43569.63
185,Amara,Banaszczyk,F,2001-05-05T17:54:00Z,mVlAggkm51iO,41212.64
186,Paige,Baldwin,Z,1988-09-29T20:34:13Z,NNCri0Xcsh,6657.73
187,Hi,Antill,C,1999-03-22T00:35:43Z,ClHc3uF9Z5Y,34707.24
188,Tate,Olech,C,1984-10-10T15:29:56Z,ziOMxv9ee2y,39150.86
189,Hilda,Gulk,A,1953-04-05T11:41:09Z,pfI9BF,2726.28
190,Zacharia,Stuckes,X,1957-03-25T16:47:07Z,SxpF0fxf7y,49396.10
191,Giordano,Blundell,D,1969-04-15T06:32:35Z,14J5BvO,31901.78
192,Suzann,Yitzovitz,B,2004-06-23T02:25:32Z,QnXk7n0,29836.05
193,Aldon,Blasetti,Q,1966-10-01T19:41:51Z,2df7t3P,14622.66
194,Paulette,Barthorpe,H,1988-07-31T12:24:53Z,EcCp40LFET,42622.56
195,Ebony,Malone,J,2012-02-20T22:58:06Z,n9SN4pwGrB,37449.84
196,Alanson,Plevin,Z,1967-03-02T06:54:49Z,mqrNKZlP1,15972.91
197,Felicio,Costain,N,1964-05-15T14:06:51Z,lgQNWvkI9,40530.80
198,Mechelle,Willmot,E,1969-10-28T12:31:22Z,5C11pDY4BjP,45393.95
199,Coralie,Higgoe,L,1966-06-03T18:32:06Z,MXBQBUr,24920.89
200,Edgard,Mackilpatrick,M,1951-03-25T04:54:31Z,KPNGBkr,21913.15
201,Lesley,Halle,O,2015-07-20T22:15:12Z,15EZe2YCJQ,45588.32
202,Tandy,Beacroft,X,1965-08-05T14:05:05Z,nO7KrISvhgCI,31535.64
203,Anette,Greenhall,Q,1978-12-26T22:18:01Z,uMYyXA5jrazn,10574.31
204,Farica,Kerrod,R,1991-10-20T16:14:50Z,TrtRvS9lmT,37561.00
205,Constantine,Mundell,F,2004-05-04T23:45:01Z,nfQgWn,40715.42
206,Derby,Gramer,J,1982-11-25T04:54:30Z,40FeodA1u,3167.82
207,Kora,Gerlack,X,1966-04-24T11:30:46Z,T1Hs1KT,18135.15
208,Chane,Kleinplac,M,2016-04-16T22:29:54Z,BaV34NCIEnS,34607.76
209,Yorke,Poyntz,O,1961-02-07T13:21:07Z,kYwvbBZBSCa,42009.08
210,Grady,Coulman,N,1992-04-17T05:09:21Z,sNICnnZ4v,20483.12
211,Rosalind,Sturm,R,1967-07-29T09:15:07Z,qkupfDKf1,4155.84
212,Ottilie,Faiers,B,1972-04-13T14:14:01Z,aY0F17,49934.30
213,Veronika,Capozzi,Y,1970-11-16T06:34:43Z,mjXGapoAlH,27709.67
214,Claire,O''Keenan,R,1991-04-24T04:53:14Z,o4cypK3kDPu,17541.16
215,Moreen,Fenners,I,2015-11-22T08:03:14Z,esVYqvT,2978.97
216,Mortie,Pourvoieur,E,1982-08-20T05:21:58Z,t34vmkdJ,3351.38
217,Francois,Gorick,F,2014-03-15T05:08:50Z,4DozVTc391n1,17658.18
218,Junie,Benning,C,2011-09-20T05:09:43Z,e2ggLkskZi,22629.89
219,Herrick,Beadnell,Q,1985-06-10T04:54:16Z,oCapNAbSDm,13596.04
220,Bibbie,O''Cleary,H,1963-01-26T19:53:43Z,NR3S8h0,44033.54
221,Doroteya,Lardeur,U,1953-06-06T05:42:12Z,sGuxYqov,47334.93
222,Sid,Waller-Bridge,S,2008-05-07T06:26:30Z,DlCwb5G,32871.48
223,Mikel,Keggins,U,1953-11-23T13:07:05Z,LjpjogX,38683.73
224,Claudio,Swannack,E,1992-09-18T15:13:13Z,Y1zNro,37558.71
225,Louisa,Courvert,Q,2013-10-28T13:24:20Z,tNtdL9,39445.86
226,Cindelyn,McKenny,R,1954-09-06T15:08:24Z,gKNCqZfPgnq,36103.55
227,Brittne,Dunlap,F,1985-07-17T14:58:09Z,bNIOIeP,20366.88
228,Wheeler,Fiske,N,1961-04-12T23:01:50Z,PrFDoZ,38943.88
229,Panchito,Ilive,J,2013-12-31T00:57:22Z,uHS9r10KKc,8554.02
230,Esta,Dunrige,J,1988-06-06T08:54:16Z,6yIZsOj3KGa,47714.87
231,Livy,Danbury,G,1951-01-06T18:41:19Z,m38CwW,17956.39
232,Meryl,Shafto,H,2009-03-06T16:46:58Z,EkBHq2B,27029.50
233,Chrissy,Pinel,H,2006-03-07T15:01:10Z,uf5n51utBY9,14138.11
234,Dominick,Fattorini,W,1990-11-10T07:42:18Z,ppZCgY10YzT,41509.97
235,Belle,Levicount,G,1991-07-06T03:37:27Z,M6aSBvrdAw,161.36
236,Craig,Bricksey,I,1991-09-14T02:04:49Z,Vl832zC,20299.84
237,Elinore,Cline,P,2015-10-11T19:36:39Z,Mnolh08HGI,3998.77
238,Melli,Fairlaw,Q,2015-03-22T01:59:37Z,jQOeLIp8,35288.30
239,Andie,MacAvddy,Y,1989-06-20T17:26:50Z,Kot3EXy,1190.72
240,Dore,Ellington,A,2016-08-07T22:18:29Z,hmrvprzM5SYL,35542.17
241,Lammond,Seifert,W,1966-08-04T06:52:31Z,mBW4mb2JJnMp,40655.09
242,Maryann,Aggis,W,1952-05-30T19:22:27Z,xwIxJ5G0Ytrh,18939.82
243,Giacinta,Menendez,E,1995-05-04T13:08:44Z,R32oZMhT,23697.02
244,Ryan,Martinec,J,1997-03-02T23:06:05Z,n6l9UFdpM,6553.21
245,Panchito,Fake,N,1991-11-02T09:52:36Z,GS6MdmLQI5G0,26700.43
246,Catina,Rosten,H,2005-01-15T09:42:11Z,E6eCALR,3156.81
247,Darrel,Stockow,X,1984-03-19T21:03:29Z,Kd3LEnUkoIp,18931.86
248,Rosalyn,Hunn,G,1986-06-20T00:02:35Z,xcA3AbH,48587.40
249,Herb,Taffurelli,J,2010-10-08T03:42:34Z,4LUvGbVF,23497.19
250,Jaquenette,Tubby,Y,1994-11-17T09:52:16Z,fi4AlLW,4652.11
251,Jefferey,Yter,V,2013-03-27T11:25:52Z,vKQeg7JvX,7592.88
252,Randie,Padbery,Y,2015-11-13T01:55:46Z,MhvAdbPI,8160.30
253,Thibaut,Suatt,U,1974-12-27T01:07:02Z,077p7kW,39920.33
254,Cazzie,Struys,Z,1972-01-06T09:28:18Z,K1rBfRzVcrUZ,42422.81
255,Dian,Coxhead,J,1993-02-08T10:16:33Z,RcFRs7X304i,18220.02
256,Sargent,Robilart,S,1974-11-17T23:04:27Z,jSpM2V6Gk,37414.01
257,Franky,Ricarde,V,2008-09-01T10:05:43Z,WCKoihyF,17873.44
258,Dodie,Wais,I,1997-12-19T13:04:47Z,ypnhHmPMI,8649.35
259,Roselin,Settle,S,1978-04-26T05:12:34Z,kmgBGpybL,2770.63
260,Martelle,Denizet,I,1964-07-15T11:26:40Z,CRPtp7b6A,41215.96
261,Holly,Clell,Q,2016-05-09T17:55:32Z,a4c84Sw9pmn,21260.96
262,Kelley,Laurance,T,1984-08-01T20:51:21Z,SFhbctaRB96,18531.08
263,Nataline,Ridoutt,F,1959-10-18T11:26:45Z,kIhnGiz,21254.72
264,Kent,Eastlake,B,1983-03-28T01:52:51Z,8OJjm2,42207.54
265,Myrlene,Francklyn,O,1956-06-25T21:39:20Z,pjM11DlzU4Tw,34476.66
266,Tucker,Marishenko,V,2000-07-04T11:03:12Z,OhLLUhU5WHjC,35610.11
267,Maje,Holliar,O,1997-07-15T13:37:48Z,DKjrcyP,47514.82
268,Chariot,Pople,T,1957-04-10T15:24:51Z,65xjseEVr,19382.30
269,Keven,Charley,Z,1997-11-13T17:27:10Z,I9z5A6Dp3,9043.04
270,Syd,Durrell,Z,1980-10-24T13:10:54Z,OMjwrKizmc,42812.69
271,Coraline,Piggot,Q,1985-03-13T10:44:31Z,DazlK2QDlo,37341.22
272,Desmond,Lally,R,1958-03-26T23:29:38Z,UmSb0z,47919.86
273,Ahmad,Metheringham,V,2012-07-28T09:03:15Z,KCPXTS,7609.90
274,Biddy,Osbaldeston,X,1983-11-15T07:03:12Z,gwEnZ2XrQk,22983.00
275,Chrissie,Chidgey,J,2005-04-22T08:31:01Z,PMucJFwGf,3574.25
276,Winny,Teodorski,J,1954-11-02T14:51:49Z,G8DgYjxpP,11528.95
277,Murray,Winchcum,M,1996-11-14T20:19:52Z,i5pzkv,36414.05
278,Moria,Sleaford,E,1954-08-28T23:53:51Z,JsMsCque9T,128.22
279,Remington,Nicolls,L,2000-12-01T19:03:18Z,rAdk5hbP,26943.67
280,Siana,Heggie,D,1999-05-18T03:04:11Z,QfYM1K5lV,43112.13
281,Traci,Pacey,B,1991-11-22T15:44:08Z,039JESSAGI,3012.30
282,Montague,Rosenbaum,E,1960-08-18T18:35:11Z,qImT24na01,46373.25
283,Burt,Deane,G,1992-01-20T19:50:57Z,FOsSRf9mpe,44391.17
284,Erny,Kezourec,O,1991-01-12T05:34:02Z,y0RV5r,11675.87
285,Boycey,Fitchell,V,1970-01-16T17:22:24Z,rV9UnzF,36984.08
286,Winny,Sprade,I,1973-01-29T09:06:12Z,PlGV5ckEdQA,49031.72
287,Prentiss,Stelljes,I,1988-03-30T00:30:30Z,CIlzbWd,33448.86
288,Bertie,Clemensen,K,1971-12-29T02:00:08Z,uqHXqs,49981.34
289,Augusto,MacDermott,L,1992-07-08T13:02:18Z,WlcjyzRSFK,17470.61
290,Allyson,MacPaden,V,1951-05-12T19:44:33Z,1hWRGeNgt8,46287.78
291,Mel,Ranyell,Y,1951-03-26T09:21:45Z,01nXqy3,5259.82
292,Tonie,Dillow,J,1997-11-16T09:38:20Z,pWLn0Zu7v,32653.23
293,Emilie,Dimond,I,1970-12-31T15:34:48Z,PFotRBT,32807.78
294,Phedra,Hauxwell,P,2011-10-17T16:19:49Z,WlKT5KGVle,14761.49
295,Alva,Heap,O,2016-04-24T00:04:21Z,lKukyTIL02,22023.29
296,Chandra,Eich,B,2016-03-14T21:06:48Z,1xifHdeo1,30819.12
297,Isidoro,Loadwick,Y,1952-11-27T07:54:07Z,mrYvCuGHm,12198.80
298,Aubine,Sorsby,P,1951-05-18T04:40:17Z,EaYAANRJoJc,47307.16
299,Tomlin,Powe,B,1968-10-13T08:10:10Z,aKMfViyzI,8561.52
300,Tedd,Hubble,T,1965-03-20T02:21:27Z,UQAglRizULgW,32330.63
301,Meghann,MacAndreis,X,1991-02-23T16:20:08Z,PNOrI94bGk,29833.16
302,Galven,Youngman,L,1964-02-17T03:35:20Z,BpaxWF,28299.02
303,Janaye,Walkden,T,1982-12-10T03:22:10Z,aUsSVma,13440.06
304,Geraldine,Volante,D,1991-08-01T22:49:24Z,91NnyiyDnROQ,12873.65
305,Madison,Meakin,Z,1990-06-29T22:06:29Z,jVoi9JQkF,35696.84
306,Chaddie,Braim,J,1998-05-03T15:21:13Z,LPiI4Lg,43088.61
307,Bordie,Speller,I,1974-04-15T03:38:28Z,1IHXRjQSj4Ux,28414.24
308,Shelba,Oldred,I,2009-07-09T13:34:33Z,XMsaKXzBxTV9,12886.78
309,Lyda,Peirazzi,V,2012-01-04T20:23:40Z,7q9eSS3J4uM1,25411.62
310,Melicent,Pill,O,1987-09-11T02:41:11Z,AcoHP7xtNGD,35223.51
311,Kinny,Merchant,J,1961-08-21T20:51:29Z,3a0eEkOoQ3Q,25297.40
312,Ethe,Fareweather,L,1965-07-09T06:19:10Z,QsZOmPBdC,36031.57
313,Gilberte,Fillary,Q,2005-12-21T05:26:54Z,vMLmKmgAdU,3074.90
314,Jobina,Allicock,P,2016-11-03T22:03:09Z,OlOwQUxdlOi,11616.95
315,Modestine,Leeves,I,1983-01-17T15:37:42Z,NdaZKplGEWXu,4852.92
316,Christie,Roncelli,C,1970-07-20T23:44:24Z,noCxki0Fw4Gs,49256.14
317,Torin,Dollard,T,1964-01-31T11:01:46Z,pv5jIkGB,42233.49
318,Lesley,Symon,R,2005-07-29T05:06:21Z,ntoWzCbs,15172.70
319,Valle,Riches,Y,2012-08-04T06:39:15Z,IYtyWJB,30487.99
320,Carin,Arrol,D,1993-07-28T01:12:57Z,90E6qySM5Tj,41185.82
321,Florie,Tydeman,I,1977-04-12T04:13:55Z,fo1LIbirRBk8,37218.11
322,Christian,Yorston,X,1960-01-09T16:37:14Z,jOSQ6c,18302.83
323,Carena,Grut,R,2009-06-28T08:48:53Z,G8R77V,21431.11
324,Claudius,Colbrun,Z,1952-03-26T04:30:07Z,5KTrsPTHApr,26713.03
325,Taddeo,Lampaert,E,1981-01-01T01:13:41Z,2fMV3zz0Sn,37113.81
326,Callida,Rainey,E,1956-03-21T18:13:30Z,vGfKwBq,19463.83
327,Leticia,Reah,K,1982-09-25T20:46:59Z,NzXKuRB8,5118.62
328,Brunhilde,Pere,N,1981-08-01T16:16:42Z,jppn44O,14847.37
329,Ludovico,Losemann,N,1978-05-18T07:46:38Z,ZWQgJZ1,23217.74
330,Janey,Henlon,Z,1968-12-14T02:01:00Z,5eXLY2ii,20742.14
331,Cleon,Geyton,U,1975-06-26T21:57:23Z,0R6ssGHw7pB,45783.83
332,Roddy,Freyn,L,1986-12-16T10:44:19Z,nakl2Bcpu9U,17197.51
333,Vinny,Foy,T,1964-03-05T08:54:09Z,3wW7PkE,24364.62
334,Max,McLagain,Q,1978-12-14T02:35:59Z,qODWsZAPVl,21372.84
335,Marcia,Bilbie,G,1984-07-04T05:36:22Z,8jNTVMOvRaO,33005.42
336,Tuckie,Lafflin,W,1988-01-17T10:01:37Z,ixvZROgbX,62.65
337,Godfrey,Scatcher,B,1995-10-22T01:54:12Z,nFPY4J,22585.72
338,Kati,Compfort,F,1965-12-14T16:07:04Z,560ZATo,1178.59
339,Zaneta,Gillibrand,M,2010-05-28T14:28:54Z,MZcLvj,14515.90
340,Yankee,Andor,N,1970-01-28T09:31:47Z,OuezAB7c,5671.49
341,Eugen,Bruneau,D,1985-07-10T18:51:31Z,rs4Tg9FC2,1972.80
342,Winfred,Lilleycrop,B,1992-01-03T03:34:02Z,Cy563ftE,41331.85
343,Cele,Feldhorn,O,1970-06-18T06:31:43Z,D4KZOloQ9atB,40455.25
344,Philippine,Soldner,P,1962-03-29T04:15:38Z,z0HNguGB,44561.89
345,Allen,Dabnor,V,1963-01-14T19:02:57Z,gnnnwNFeQGio,19596.54
346,Anabella,Prisley,V,1972-03-21T16:58:14Z,p4eOHgylKS,38920.96
347,Rosaline,Melson,B,2004-06-13T03:53:21Z,efjunWYeP,2548.06
348,Gustav,Shearman,W,2002-12-23T14:08:31Z,u3HOZBMtU,27130.20
349,Pip,Bullivent,J,1982-02-17T06:20:23Z,YHrUOmW,34766.03
350,Charisse,Gill,A,1958-08-15T05:56:57Z,kJjLvTg,17589.88
351,Herve,MacHoste,P,1994-10-02T20:35:41Z,CRWhs80p6A,46986.81
352,Adele,Suche,J,1960-04-10T17:48:14Z,SR0xSz0F88P,24330.25
353,Sascha,Scemp,T,1972-04-26T19:59:46Z,O5Z68Ce,28958.47
354,Rozella,Roma,G,2007-03-04T04:23:57Z,ZM0M5UvXxwfE,34975.26
355,Damiano,Jonathon,G,1975-07-22T20:30:59Z,nvtLEqE80,8734.79
356,Joelynn,Rarity,O,1971-11-05T08:05:17Z,FdApNe,28670.80
357,Barry,Edridge,L,1993-09-03T18:27:05Z,75fpnoaG,22533.13
358,Terrijo,Konertz,V,1996-04-20T12:15:09Z,sDUBOvmx,28021.02
359,Arnuad,Siddens,N,1986-10-20T05:51:02Z,ORY0Qv2Og6Ju,4651.63
360,Elyn,Coop,C,1997-06-10T11:28:43Z,pO8lJM,38161.85
361,Brook,Paulack,P,1962-03-05T00:57:18Z,QyWmgzay,48295.45
362,Pietrek,Dengel,O,1981-07-20T10:41:21Z,3HQ1s8,3065.32
363,Minette,Guinery,K,1975-08-04T17:27:54Z,Tw7tCP,10318.08
364,Huntlee,Fraulo,F,1975-12-09T15:52:39Z,I4oZFhakXAd,36622.84
365,Griz,Calken,Q,1959-06-23T20:52:57Z,pWkImiIzY,3417.57
366,Florella,Peoples,K,1985-12-02T21:47:40Z,vKYsaewUia1,38455.42
367,Marcie,Getten,C,1977-07-23T21:04:26Z,snVOUeCrRX3,48844.90
368,Laurene,Winfield,D,1957-12-13T18:09:48Z,nWNBAwo,42234.46
369,Keenan,Drakes,X,1956-06-01T13:54:21Z,czdfK1J,22482.35
370,Fiona,Aiskrigg,C,1986-12-23T17:50:57Z,k4QXOJ00RIe0,7543.52
371,Shaina,Corbridge,P,2003-06-13T01:04:22Z,AYjF8t,23960.20
372,Kit,Gready,W,1963-02-14T19:25:00Z,AXBOY4Jsf9ob,30469.54
373,Alard,Jankovic,K,1982-01-16T19:33:33Z,nrFCHD55,46489.59
374,Gabriell,Dallin,M,1971-01-12T23:04:40Z,VkdCHkNnZhN,27224.43
375,Marline,Please,I,1966-09-23T12:07:19Z,zVN3B0P,47388.04
376,Donnajean,Di Maggio,E,1972-05-28T02:29:09Z,k9ANQ8d,7258.66
377,Micheline,O''Neal,J,1987-12-16T07:54:33Z,mA7qTWoVqw8I,45985.35
378,Berny,Pucknell,U,2007-07-08T11:00:32Z,h4fr3nLPC,16634.98
379,Garwin,Whate,B,1950-08-01T16:25:12Z,1TzRu1Zl,45854.86
380,Malory,Plenderleith,H,1983-02-10T04:55:30Z,fKGUWW,20139.68
381,Terra,Cullen,J,2008-03-20T17:30:43Z,lPBsffCCW,6202.32
382,Trude,Element,W,1973-03-01T09:46:31Z,NzFECY,12211.01
383,Nettie,Gercke,D,1997-06-19T10:33:27Z,PFD2H7IFWB,44612.11
384,Linette,Burgise,D,2001-06-06T21:22:27Z,1NQ990JQ,34780.10
385,Gardie,Ashfold,Z,1991-04-22T19:05:01Z,iGlTg6mhSqd,5584.75
386,Vincent,Moden,I,1959-04-19T00:46:04Z,6emFUXdsB,15535.10
387,Quinn,Maunton,Z,1973-02-20T19:28:40Z,WuhP1vY,21023.92
388,Raymond,Fussell,L,2014-09-06T04:31:57Z,oOGuyHsH,6444.83
389,Archibaldo,Gulley,B,1962-07-11T02:15:00Z,EyBT9P,21745.92
390,Maddy,McGruar,K,2006-02-16T16:05:19Z,mw4SXokzwAg,40874.82
391,Abbye,Purbrick,C,1952-08-22T14:02:14Z,YIp3ock,19021.99
392,Thoma,Ayris,Z,2015-07-30T17:44:04Z,wXQuDvW,32350.63
393,Marquita,Geillier,S,1986-02-17T04:27:01Z,3KaavKqLs,19632.17
394,Janaya,Whaites,M,2011-06-16T16:07:43Z,tDaEcv3W,34587.24
395,Jared,Linch,C,1997-02-28T15:26:50Z,3A4lObTJdqM,33690.49
396,Andrew,Serjeant,J,1979-01-04T16:21:27Z,MNCLDZfS,44779.52
397,Sherlock,Jacob,E,1958-08-13T22:37:38Z,66CX0ga,14310.02
398,Lizabeth,Aynscombe,E,2009-11-12T07:14:06Z,jZSOkZ3sDvM,6850.91
399,Welbie,Marchment,G,1972-11-01T06:43:35Z,k7N5Xzgrj85,10671.19
400,Carlene,Ivain,Z,1971-10-27T20:08:21Z,O7CLD4K,914.20
401,Guntar,Noton,Y,1988-06-13T02:09:33Z,yzbupWaghgUT,5623.05
402,Marcello,McCafferky,B,1982-08-01T08:26:14Z,7aVztQ4sey,19274.61
403,Eamon,Wittey,T,1955-02-16T11:28:12Z,xPLWCI,33802.31
404,Marje,Sainthill,B,1967-10-07T23:41:48Z,3f6jUHC,32667.77
405,Lois,Shewon,C,1972-07-21T07:10:53Z,habvZZQB8CJu,23356.86
406,Hussein,Hurkett,D,1972-09-17T09:43:45Z,2GVTVx,45779.32
407,Chickie,Semaine,N,2009-09-18T11:08:04Z,qlP9NX2,5478.15
408,Cherin,Duddridge,Z,1965-03-21T14:16:12Z,fdj7EgJI9,39310.74
409,Tanhya,MacIlriach,U,1956-08-11T04:33:55Z,sRDrYz,40339.83
410,Rona,Whistlecraft,W,1970-05-15T17:09:08Z,awTEHXLCZgi,45250.48
411,Delphinia,Tylor,O,1958-11-04T10:37:00Z,eXZMWyaX03ZF,2021.40
412,Julius,Denisevich,L,1962-12-13T02:48:01Z,NGCSlatnS0,49587.97
413,Lorna,Dimmne,T,1974-07-31T19:50:36Z,KBJBOfwXz0q,7527.70
414,Thomasa,Whorlow,Z,1990-12-18T13:29:23Z,4pZekcjVCrh,35547.62
415,Andres,Wolters,L,2001-04-30T09:29:58Z,MVfeTsay0,38177.70
416,Maible,Disbrow,I,1968-05-25T21:37:04Z,wk4Pb0ZVTH,41989.83
417,Ev,Girodier,H,2013-01-05T19:45:29Z,2D8cjwr,18688.63
418,Ardenia,Velden,B,2014-06-29T04:48:21Z,lxzwJSU5,4804.30
419,Keefe,Brixey,Q,2000-03-19T05:23:59Z,1QrvmB,44597.52
420,Pollyanna,Postins,R,2001-02-08T01:10:53Z,EOqjWKSv6J9,7039.56
421,Yurik,Ysson,Q,1981-11-06T02:56:04Z,hOwqziFx,1237.33
422,Colly,Mcall,I,1983-08-06T19:41:20Z,195FNG,5643.74
423,Jedediah,Baum,O,1973-09-03T12:36:16Z,ojc16DLRij1B,48601.72
424,Camilla,Josofovitz,K,1950-10-29T21:50:07Z,jIVyrZdgq8,28860.32
425,Ellynn,Gornal,M,1958-09-19T10:03:35Z,zAnoVzk,26136.03
426,Cathie,Doghartie,D,2001-03-21T11:45:37Z,hNiTif6,24746.66
427,Bernita,Burkitt,B,1961-12-10T06:59:15Z,89IAGnSWGcit,38855.13
428,Isacco,Vaun,O,2013-10-07T08:25:24Z,yEumiQZHuYu,48035.77
429,Karlik,Filpo,S,2001-10-15T18:02:12Z,Q0kyIj9Gn5IP,24.44
430,Helaina,Fitzsymons,G,1953-09-17T16:11:40Z,BNTCo65pP,30345.61
431,Letta,Brodbin,E,2002-12-16T13:19:13Z,R1CfC21gM1,49283.23
432,Bondon,Cornelleau,Z,1992-10-23T14:52:08Z,4OZ6C1,40660.10
433,Jasper,Wycliff,V,1980-01-02T00:18:11Z,n4I2Sgkz,48779.84
434,Stephannie,Pepperill,F,1957-11-24T06:16:26Z,4jbOzVUTu,23385.43
435,Faun,Shilton,T,1965-06-01T21:19:41Z,O6KfS39czK,35665.90
436,Diana,Woodcroft,J,1960-04-09T22:50:57Z,SbBwjn,17714.92
437,Jabez,Pauleit,U,2001-03-22T04:39:19Z,ZYHf2ZAb,38081.24
438,Kristal,Wixey,C,1999-04-30T06:50:42Z,g60tEc,2329.68
439,Lesli,Hamblen,U,1964-09-09T07:38:59Z,8XqJ4c6n0,39916.61
440,Marquita,Liver,Q,1992-07-18T12:18:18Z,zs8zvzd,47177.78
441,Wilbert,Quantick,I,1982-02-15T16:21:48Z,efrE7uddi,49452.21
442,Juliann,Holme,Q,1985-10-12T05:14:57Z,2myB7YXj,21612.89
443,Kin,de Werk,G,1977-08-10T13:45:09Z,PmuSChmhF,29963.45
444,Nanete,Caraher,H,1988-06-10T09:58:21Z,KKKw8iy,21426.71
445,Myra,Dilland,D,1997-08-21T04:09:33Z,bc22AoTAMCr4,22755.75
446,Wallache,Colbourne,Q,1983-07-02T08:58:31Z,LcsqOEEiwz,32517.27
447,Maurizia,Leeming,U,1971-11-16T17:29:32Z,pWkHo6ff3lK,36320.58
448,Lisha,Fitchew,S,2007-04-14T22:10:36Z,n2vOQZviDP,7738.95
449,Erica,Lawlan,A,2015-01-25T19:26:28Z,H0MN5yli,37587.60
450,Farly,Bunten,T,1970-09-04T00:26:05Z,Zv7T11taqlf,29963.64
451,Darrick,Thecham,C,1990-03-26T13:32:54Z,SnzGq12mm,38050.75
452,Glenn,Havers,V,1994-01-24T09:40:07Z,I1r36XN6Aq,3447.93
453,Babara,Iffe,O,1997-06-27T06:44:23Z,TJk0GECUDy,20281.19
454,Roddy,Phinnessy,H,1993-10-25T18:03:20Z,LmznZpaCwGKv,27878.80
455,Adella,Rattry,H,1982-12-08T08:10:32Z,gURfHrg01b87,43051.09
456,Georgi,Iacopini,R,1998-04-21T05:37:37Z,D7iT5C1I6pw,17663.64
457,Carmel,Syder,W,1999-06-18T22:15:47Z,Rpll7NIXtSm,23146.76
458,Codie,Castenda,C,1973-09-05T05:35:09Z,VhakmTDuyi5H,23513.37
459,Adelle,Kasparski,M,1989-08-31T03:03:09Z,XnifjKto,44957.22
460,Sadella,Filyashin,F,2009-12-26T05:19:41Z,XQERRGs,49971.19
461,Jareb,Cullin,H,1991-03-16T02:06:09Z,8sNfV1,28344.48
462,Marijn,Ings,O,1989-11-08T13:59:20Z,izRd93xm7wAg,41930.81
463,Man,Lackney,A,1991-04-22T19:17:49Z,2hKx3gI,49464.29
464,Sallyanne,World,I,1959-08-29T09:13:00Z,7NHK8OV,33346.14
465,Kristofer,Britner,P,1973-01-14T16:34:12Z,CLQMl5Uo0,20714.88
466,Keene,Willars,Q,1964-10-22T14:19:38Z,WK51C53x8FTr,7936.17
467,Georgia,Quiddihy,L,1960-05-15T23:31:39Z,mL6SLZk4,6915.35
468,Shelton,McVee,I,1961-05-11T01:41:00Z,j7qrsys4F0hA,2543.15
469,Rolph,O''Flynn,X,1999-12-20T18:51:45Z,KYVFSK,34108.67
470,Natasha,Varley,P,1989-01-12T02:34:20Z,FaPHq6L,31454.77
471,Skylar,Pentecust,O,2017-05-01T12:42:06Z,jK4cBbuxbOT,33814.42
472,Nadeen,Pedrollo,P,1981-06-15T15:28:20Z,5Pi843NJ89j,29869.08
473,Enrika,Fedorski,R,1958-08-07T20:21:04Z,ELVtgom3zAno,39566.91
474,Blondelle,Oman,A,2004-09-12T07:38:47Z,RxK6l9n1S1,39146.01
475,Laurent,Gurdon,Q,1961-07-24T16:18:34Z,YYx2tYvkDY2,26153.10
476,Albert,Giffin,E,1970-02-13T16:42:23Z,2gN894yvYRA,28849.24
477,Zonda,Larchiere,L,1962-06-28T15:54:05Z,d1S4ykxq,19214.59
478,Lynne,Thirwell,G,2007-06-15T03:37:06Z,EirONFNXj,43178.04
479,Hilario,Leaman,J,1957-12-30T14:00:47Z,wiiClTox0MEr,22112.41
480,Roxi,Devanny,O,1989-07-15T21:35:46Z,sPtEwizbH1p,14315.33
481,Joey,Mundy,P,1955-02-25T05:13:02Z,aniZ7r,12577.48
482,Letty,Beavington,Y,1959-06-21T12:48:39Z,55Q3ol,12844.12
483,Leon,Schukert,A,1978-09-06T15:01:51Z,F7sGEqFHbZ,39691.19
484,Artemus,Linder,D,1985-11-18T16:15:20Z,XYTEl8,43547.29
485,Gabie,Mosen,T,1994-11-07T01:57:06Z,MqCWF5tLJ,45261.84
486,Joellyn,Semken,P,2016-03-22T11:40:17Z,CeD6qHAnb,13701.34
487,Randy,Ingley,B,1995-05-18T20:49:02Z,R2xjJ4CLMGw,38087.50
488,Bronson,Ingre,L,1985-01-15T22:16:09Z,2fohNbfeq,6984.76
489,Tobie,De Roos,R,1969-01-29T08:45:16Z,JWqNHS,24964.34
490,Tessie,Havile,I,2001-08-16T00:12:51Z,IwtvN6aiK,41500.82
491,Tamarra,Pitkethly,B,1987-08-04T11:18:30Z,EVu6KtSO,31455.62
492,Rutger,Basey,V,1983-02-11T15:53:12Z,o49tB6,38956.53
493,Kikelia,Dulanty,P,2008-02-05T19:20:10Z,pZ4yXn1BY3gc,8235.54
494,Nikkie,Goodband,A,2009-06-23T16:55:02Z,q6Pb2ztg,21972.60
495,Ediva,Semark,K,1982-06-07T03:51:25Z,z9EeklVp,48762.17
496,Melosa,Tawn,I,2006-08-09T02:43:11Z,22RltCoQQcyq,12504.46
497,Amandy,Johnke,B,1979-06-08T09:41:03Z,Utd9ev,24895.00
498,Brant,Bateup,R,1972-11-26T04:43:35Z,HEs1hqF,22926.58
499,Aile,Skowcraft,V,2002-12-08T10:10:43Z,vKjdhM,6160.37
500,Alicia,Suttill,V,2011-11-28T21:25:38Z,9pAKnRwdAuo,45058.74
501,Catha,Stubbley,X,2006-01-03T05:36:36Z,TZQ5wMjqgp,26421.05
502,Giovanni,McClosh,O,2009-02-27T10:17:52Z,jonFAz7w3Nk,8894.11
503,Krissie,Gaydon,C,1967-09-06T09:35:16Z,7HUctu0,11306.09
504,Tyson,Shoebridge,A,2017-05-14T04:59:04Z,opRYjVcf7AI,19047.44
505,Ramon,Dumbrall,P,2011-10-01T23:24:55Z,t3fzeEtF,49289.68
506,Jacquenette,Mates,A,1988-09-12T03:07:35Z,3F11UQv,7443.00
507,Lane,Stirrip,Y,1954-09-04T00:54:07Z,tOZDyR,48714.47
508,Sena,Schulter,H,2001-08-02T07:55:40Z,2nozaVhBtjM,880.77
509,Alia,Griffen,A,1959-07-29T00:26:29Z,jtTNP65h1B,13466.01
510,Aidan,Dooman,S,1979-04-21T01:08:02Z,GLeTJTfbVC,41946.00
511,Jaquith,Ashworth,T,1978-09-24T02:13:04Z,5OLB4WUYLl,47023.05
512,Jennilee,Trenoweth,J,1981-03-06T08:56:01Z,tm1tzA,25951.47
513,Berti,Shawyer,A,1975-12-16T16:28:45Z,hHZB31I,4587.04
514,Nancy,Playle,C,1960-07-22T11:48:00Z,eDwVugN,2960.02
515,Carilyn,Rainforth,V,2001-12-06T16:27:04Z,YKewc4TJB2,6411.57
516,Basile,Dufour,R,1975-11-16T18:55:42Z,vjDOdO7XRo,13007.23
517,Mark,Berzen,B,1955-10-15T08:07:51Z,2l84P8pNK,7197.42
518,Anestassia,Ingarfield,U,1955-12-13T06:04:20Z,gKs8iRE6Jf,37259.96
519,Arnie,Wiseman,N,1990-06-01T05:43:48Z,dQDUmfdDies,4728.14
520,Peria,Humburton,S,1995-03-11T04:54:28Z,aIrU9dWZAz,26781.41
521,Bobina,Rimes,E,1993-10-07T02:28:51Z,I1vQCg3oact,36539.19
522,Lonnie,Baumford,H,1963-03-22T19:08:27Z,2JEzhFtxz4ko,3060.44
523,Xylina,Yarrow,W,1956-08-27T14:16:49Z,2Q7526bt4rI,16969.75
524,Dieter,Fairy,I,1984-05-25T13:49:38Z,9rB4pCKZ,33285.73
525,Aron,Clissold,E,2012-01-21T11:19:22Z,2GljhLFOOW0w,29965.45
526,Averell,Pawel,Z,2007-12-28T16:41:37Z,96LXuG,33917.65
527,Gussy,Louche,L,1960-12-09T09:01:15Z,YUqQMT9ic8Y,21469.06
528,Shea,Lupton,Y,1979-10-07T22:12:07Z,bvRZJxSCz,42136.54
529,Arielle,Jendrys,F,1997-08-31T13:45:40Z,2MVjCxj7,21243.46
530,Linus,Deegin,Z,2001-05-01T01:57:36Z,qXFZN8TW,25021.05
531,Beckie,Bownas,H,1976-02-04T23:00:07Z,fSJNpv,25044.26
532,Caddric,Kidner,F,1963-03-22T09:27:32Z,q6hrKwm7Off,38650.22
533,Ellene,Dadson,P,1980-12-05T21:29:16Z,1Glpww6v9,7703.54
534,Rhiamon,Jowers,I,1951-02-21T05:04:06Z,OIcuFRoSzgFu,17142.47
535,Amble,Wrankling,K,1992-01-29T03:45:51Z,EaVch74ddd,11227.54
536,Terza,Pocklington,C,2012-06-07T04:47:07Z,wG6lQClc,48652.21
537,Tally,Lahive,K,1960-11-25T08:46:08Z,LP0di4y,43906.50
538,Fanechka,Regorz,Y,1994-04-25T19:54:06Z,OZFtnKVAPaLs,17269.21
539,Hakim,Farrent,J,1986-01-05T23:18:19Z,eFRZeISm8e8,5710.40
540,Audre,Basillon,W,1960-07-26T23:06:42Z,fZnnSZv,49114.07
541,Orran,Gooderick,L,1966-07-29T07:47:53Z,AFohZ79q,23096.07
542,Iago,McKinna,B,1969-01-13T07:48:03Z,lSFaHeQcq4de,33478.89
543,Patin,Simpkins,M,2015-09-27T05:44:29Z,3gxyF6,29675.01
544,Kristyn,Winnard,F,1976-02-08T18:23:35Z,0yGoFncaOhy,43153.43
545,Moise,McReidy,N,1953-10-10T05:34:55Z,wCB2L6,24416.83
546,Sunny,Tozer,Z,1965-06-14T05:38:41Z,iGuEq41vd,39529.38
547,Helga,Bainbridge,A,1994-09-20T16:02:03Z,0xY4grXOFQ8,1265.36
548,Murdock,Haysey,U,1954-08-02T14:50:45Z,IWMrvtJiWiQY,2704.69
549,Rolland,Kalf,I,2005-04-09T19:30:42Z,l4baoj,24181.19
550,Donnamarie,Dearle,D,1961-03-11T14:43:54Z,X1QSkci6WXJq,14903.65
551,Manon,Bristo,Q,1989-03-25T11:42:34Z,9G4uWH,31659.49
552,Larina,Van der Brug,M,2014-06-04T00:15:10Z,FlfKjbYcqzF,22934.77
553,Cissiee,Giurio,J,1963-09-04T03:09:13Z,LdKjgq3z3E,16810.73
554,Alfredo,Hartegan,T,1968-04-30T16:47:28Z,UX1esB6e,14124.16
555,Nikoletta,Leidl,X,2014-04-29T16:36:42Z,mx9HgXcp,48557.77
556,Killie,Messer,B,1958-01-21T23:59:48Z,h58T7GN8Jht,20142.75
557,Kellyann,Davidzon,L,1953-06-19T10:56:30Z,gEMBrjEciql,13830.04
558,Elena,Leversha,U,1952-01-11T21:34:42Z,28NrV29Q,46272.06
559,Marti,Stowte,J,1990-03-09T20:20:35Z,FtIV0X3NXWU3,43708.16
560,Agna,O''Kinneally,V,1983-05-16T21:47:38Z,5d2kUcK,29400.16
561,Ashla,Lorenzin,X,2006-12-20T05:55:56Z,iR5UYlI,48162.64
562,Gertrud,Berrecloth,S,1980-03-08T07:36:09Z,czpRbxQsS,4416.54
563,Shane,Charley,Q,1972-01-24T03:36:19Z,W051Uo7bQ,15251.27
564,Jorgan,Eefting,M,1991-11-06T12:35:15Z,3xBbyqdLwi,18689.34
565,Humberto,Sandbatch,S,2015-05-01T18:36:43Z,8lbRLTfgM,15804.90
566,Tedmund,Flinders,S,1984-02-22T01:19:04Z,49Rblwv0jp80,15800.93
567,Sholom,Bertie,N,1956-08-28T22:48:07Z,VBJt1W5f,12728.28
568,Fayina,Musprat,Q,1983-01-13T15:26:34Z,rIzu9ahU,26925.98
569,Myrwyn,Morfett,L,1966-10-31T14:29:42Z,ikgs2RCAy,1356.03
570,Norrie,Colliard,A,2012-02-23T06:48:57Z,oq7OOTSxz,30270.37
571,Shawn,Hatherleigh,O,1985-01-20T06:02:04Z,8ZLj4CUKiMn,45883.63
572,Daveen,Broadis,H,2003-10-07T12:11:09Z,qcWTFrabpaV,43836.38
573,Sophia,Trahear,P,2011-06-23T07:32:32Z,QRWMCMd6Lh0P,10039.54
574,Kelly,Fallen,D,1998-02-27T16:02:21Z,sivuVjelqS,31321.56
575,Mindy,Measom,W,2011-09-12T21:14:46Z,7J6G5gV,25712.77
576,Marice,Delahunt,X,1975-03-15T20:35:12Z,meFftJK4T6,14332.44
577,Chrisy,Sergean,T,1956-01-15T17:03:14Z,M8sHSPn4VQx,15418.05
578,Dietrich,Golborne,M,1979-03-19T23:51:53Z,Ndq1mvw,47069.65
579,Blondie,Solley,J,2001-06-29T23:57:20Z,JAzeyu,20297.78
580,Merrill,Lewton,L,1951-10-16T02:41:05Z,4Wj7E4apjDa,5183.30
581,Corabelle,Towl,O,1962-02-17T14:36:15Z,LbcxDFdohEf,31903.73
582,Frederic,Huff,M,1966-03-08T00:03:12Z,QxEAfCQw,24495.83
583,Simonette,O''Dougherty,D,1985-05-07T08:05:41Z,aQ0WykzaWPPL,18135.95
584,Alisa,Yurov,E,2002-10-26T05:21:57Z,C4VKNZ,35645.01
585,Leann,Kerrane,X,1985-02-18T06:26:23Z,82HFmKTe3,29550.45
586,Lianna,Cramphorn,I,1984-06-24T12:50:26Z,Dl4YGFw,1592.42
587,Aldis,Dinley,X,1971-09-25T11:43:43Z,8T2Ae13vRdT,29509.59
588,Dudley,Mallon,P,2003-09-30T14:01:12Z,04aUGyrnA,548.51
589,Tadio,Glide,A,2011-10-20T00:10:02Z,CSXrNgTYB,35152.02
590,Vladimir,Fermin,U,2004-09-14T08:22:59Z,XeyqJuMDKb8,39737.58
591,Nessa,Klinck,E,1965-11-02T21:43:03Z,96ULW5LI,44812.57
592,Adrian,Stores,T,1999-08-10T20:58:04Z,Tw3DAZUhK70U,9136.09
593,Gratia,Rossin,E,1993-02-24T16:08:57Z,dbVgSDpER6k5,20551.54
594,Jaine,Dyas,Y,1956-03-25T15:38:45Z,x9X3t4UeXmvJ,24520.65
595,Vinny,Currier,D,1973-04-06T05:55:00Z,u0cATS6aqN,19928.32
596,Shalna,McBratney,H,2013-09-14T19:57:49Z,bs4V215,13478.06
597,Sylvan,Sinkin,T,1952-01-29T20:25:47Z,zuw33j6cWv,11612.30
598,Dyana,Andrick,J,1971-10-17T09:11:24Z,ADwYXlc,10062.16
599,Evangeline,Jowle,T,1984-04-24T17:04:56Z,I0mliyP5my,6162.96
600,Payton,Bartens,H,1993-05-26T00:23:28Z,W7ISMO,38305.67
601,Giavani,Bischof,A,1971-02-07T13:24:29Z,6t5H3E3mfE,3182.32
602,Darbie,Crabbe,U,1961-06-11T16:35:44Z,kkwE3Neu,25463.11
603,Elke,Doig,T,1955-06-21T15:47:35Z,miou73H1jEuh,20567.93
604,Hurlee,Highway,G,1998-02-24T17:34:25Z,BIeOqEjr,13747.73
605,Michel,Grice,U,1994-08-27T22:28:24Z,TPWnnMJlG0BY,47182.19
606,Freeland,Kirwin,B,2010-07-31T13:59:30Z,n6QynH3c,20020.74
607,Niki,Dearnly,N,1961-12-04T11:46:01Z,aU2MKwg0FgmM,40250.89
608,Jae,Bison,A,1979-10-20T03:49:24Z,bnbOhNhFMTp,16429.03
609,Gale,Huffadine,A,1993-03-22T14:07:27Z,EpWrFwq,21523.55
610,Lissi,Doble,O,2006-10-15T10:14:48Z,ulqGagOlHv,29541.74
611,Cordelie,Di Claudio,W,1989-09-01T13:20:47Z,BdBkGRpjrF,49290.81
612,Eydie,Backsal,X,1978-04-14T22:00:40Z,kQm5Wc,12421.55
613,Gil,Damerell,J,2004-04-19T06:10:27Z,AKClCFSeY,16067.67
614,Uriel,Kleynen,M,2008-07-14T17:00:12Z,SZfMQ0qun,32587.36
615,Corly,Bettison,U,1965-01-29T09:51:58Z,CLGfUI3NhW8,27200.08
616,Stanton,Hatherall,V,1987-04-18T19:52:00Z,tWqfNq,26340.93
617,Lynea,Brodeur,J,1990-04-11T17:19:32Z,1cIfsr,46281.89
618,Griffin,Measham,W,1953-08-01T08:53:34Z,Ll8verP,35011.76
619,Rori,Heiden,G,1955-01-16T22:33:34Z,H5Cvq0qCr,4621.26
620,Shirline,Schrei,G,2009-10-27T23:25:29Z,nsdu1ObEUMy,37557.15
621,Roby,McIlharga,Y,2011-08-05T22:05:36Z,nkTDOkFXa,17872.09
622,Gabriel,McCuaig,C,1978-06-12T03:47:50Z,gUduPiOU28Y,17364.66
623,Nicolette,Azam,X,1997-07-31T09:58:30Z,fbBdjlCF,41844.32
624,Cheri,Mottershead,L,2017-03-22T15:30:05Z,QGeEc2f0UVH,46155.96
625,Gustave,McKinney,M,1996-06-16T20:44:24Z,Kzf6TItvN,21033.06
626,Erhart,Pitrelli,Q,1970-11-04T10:46:24Z,5ZHyLCXi,24577.14
627,Rubi,Schneider,G,1988-12-19T13:22:50Z,k86kvQ1PgESE,35853.59
628,Clementia,O''Fogerty,M,1978-03-09T01:15:08Z,Mw4cu4RJk,45376.07
629,Brett,Satford,O,2003-10-12T06:18:34Z,5GK1bsF7obqG,12621.82
630,Doralyn,Fetteplace,N,1967-04-29T20:45:29Z,NYtMX5k,28949.13
631,Magdalena,Hartwright,J,1998-10-05T11:57:49Z,qbVsooixR,29976.74
632,Linzy,Wandrack,O,1993-08-17T01:45:51Z,FqI5qLEKTBg,34268.04
633,Justinian,Strelitzki,J,1999-03-17T05:36:22Z,hz7jrWhwr,28708.81
634,Micheil,Geekin,G,1993-11-15T12:50:52Z,XB8H6Psw0xi,19053.78
635,Clerkclaude,Griffen,X,1976-03-14T08:01:30Z,vUothNz,49980.91
636,Rochester,Piddocke,L,1956-08-22T06:48:34Z,Wu99VZ,30974.85
637,Jodi,Talby,F,2009-07-25T10:39:16Z,zdNqYj5XQ,40408.83
638,Lotte,Pesik,K,1986-01-07T07:24:50Z,NKFwWUNdH6,49809.72
639,Cecelia,Myring,E,1960-02-09T15:04:03Z,TcgEu7Y,9427.71
640,Carol-jean,Gabitis,E,1965-01-28T22:10:11Z,z9X79tCyz,29116.82
641,Stephanie,Kubu,X,2011-05-20T10:34:14Z,ESoMwIGbH,7747.43
642,Marlin,Mulholland,X,1964-03-07T22:40:06Z,0S0RUkHoJWHw,44535.95
643,Bank,Clelle,U,1964-07-03T11:09:41Z,uxhJKf,26655.23
644,Fran,Cereceres,Q,1999-07-23T03:49:49Z,rfw0Qm29sro,31698.89
645,Melisande,Dominick,Y,1956-08-17T06:22:19Z,k3e8BGLhY8bS,49551.85
646,Dalton,Stansfield,A,2015-09-01T02:58:52Z,wSCUqVOar,22976.24
647,Robin,Ashurst,Q,2004-09-06T18:21:56Z,tNejpy04g,1396.84
648,Coletta,Draycott,I,1964-08-18T13:21:55Z,gskpXtYHmQM,4321.47
649,Forrest,Braney,H,1980-10-07T18:42:29Z,XIrqU0CbueB0,16344.23
650,Didi,Swapp,W,1952-06-02T11:45:00Z,e1tCYnVoD3SK,8466.85
651,Arabella,Stampe,E,1994-01-29T18:34:21Z,PKC4tE,25438.19
652,Sarena,Sparrow,M,1951-10-11T02:04:20Z,YQCi4Bx,27569.67
653,Tisha,Fidock,Z,1953-09-04T15:29:09Z,jvBBDAXwG1,8360.58
654,Xenos,Peartree,E,1953-07-22T17:48:30Z,GbT9I9iZq,10896.81
655,Rebeka,Harrowsmith,K,1969-12-18T09:24:58Z,Id1p3Xg,28586.35
656,Arlin,Fever,G,1980-07-04T08:11:56Z,jko05ryJD,22729.70
657,Dolli,Harston,P,1955-11-06T21:49:29Z,1YeBfD5lRU,49.80
658,Andeee,Manby,L,2016-12-06T17:15:38Z,5MQMbd6OJCHB,24522.46
659,Norah,Extance,Z,1958-12-11T14:43:07Z,XSHKoVSi2V,14144.33
660,Moe,Orpyne,I,1982-07-17T16:52:29Z,lAPTap,23490.11
661,Ginger,Retallack,K,1950-11-03T05:04:39Z,mmspwkaTN,32459.51
662,Kennett,Noads,R,1988-01-08T05:58:09Z,Gq4x1rDC,7756.21
663,Farica,Blachford,A,1958-02-15T01:30:29Z,6sZStI0Stb,2317.71
664,Kelci,Blacklawe,A,2013-05-02T22:32:47Z,NRq1nxC1,5865.30
665,Shell,McGee,Y,1970-02-04T10:32:07Z,bFGUvtEcj,18163.22
666,Symon,Fullerlove,W,1960-03-01T14:17:57Z,dvixrfjA909,8442.24
667,Goldie,De Dei,Y,1977-07-14T08:31:17Z,rdy2aiT6w,23506.36
668,Sallie,Fuidge,F,1959-04-13T07:18:18Z,75Wh3FbJ4XdA,1685.04
669,Jeddy,Sherman,P,1965-06-29T13:27:12Z,dVUdM2Ccj,16952.27
670,Emlynne,Bemand,E,1962-04-25T13:35:07Z,kYzZb9sg1xRh,47518.64
671,Enoch,Bellord,O,1968-09-02T00:34:51Z,Qxbhs5,28171.06
672,Abbey,Elsie,F,1966-01-18T09:24:10Z,P33G8iKoC4,1268.79
673,Gerianna,Wem,J,1997-10-20T17:47:17Z,rWD8nWAVXv1,21412.83
674,Charles,Jupp,F,1957-07-04T07:33:06Z,AqihM9,13599.85
675,Dick,Colvill,D,2000-10-14T13:55:34Z,0FJswf,48497.14
676,Iggy,Ghion,S,1969-06-04T17:36:11Z,YgPQnHq,20444.69
677,Jemmy,McFetridge,U,1969-06-25T06:52:43Z,SuCvvw,12500.14
678,Herc,Mennear,B,1951-02-17T09:22:28Z,u4Oys7P,27119.16
679,Martica,Hickin,F,2000-03-16T10:55:20Z,2cydGRF4,21548.06
680,Bartolomeo,Ralphs,N,2012-09-25T13:25:34Z,sIILHqa,29572.84
681,Jaquenette,Arnefield,Z,1998-09-08T14:11:34Z,sBuykmeW0,24606.16
682,Dunstan,Berlin,A,1975-03-08T21:07:41Z,kcBrEnwR,43722.10
683,Fidelio,Siley,Q,2002-11-18T09:51:21Z,WemlXp,5518.92
684,Chrissy,Tampen,H,1954-05-01T14:01:40Z,LtDS4YVifS05,36352.73
685,Katrine,Rief,F,1994-04-12T12:46:09Z,Tih0oiIQDRkD,13226.85
686,Jeff,McClifferty,N,1985-05-03T21:59:23Z,tyyiXIVPU,31895.74
687,Jonell,Vollam,A,2011-05-25T01:23:09Z,UsELfx36aD,11250.24
688,Averil,Gwinnett,O,1968-10-28T15:05:38Z,cGPFP9QbO,15525.59
689,Korie,Lewens,B,1979-08-06T11:35:46Z,mZCdK53al,45601.51
690,Lawry,Suthworth,M,2004-06-22T08:11:26Z,bRsLPl,22142.11
691,Gerianna,Lidyard,A,2000-09-26T03:57:27Z,S9TLpQ4CSgp,42300.24
692,Perla,St Ledger,E,1968-08-04T11:34:44Z,fw5XvP8Ayp,28932.95
693,Sully,Gambles,O,2012-12-15T22:00:35Z,nMIerJk,13794.43
694,Evangeline,Cowill,J,2011-11-05T20:30:15Z,rexldkgbz,47513.34
695,Carmita,Woodwin,S,1994-03-03T03:06:48Z,EvttQObW,49214.52
696,Rosalinda,Dallemore,N,1971-04-29T14:25:21Z,RRbAwzq,13418.41
697,Willi,Kleiser,K,1995-09-28T08:13:58Z,yCGTLj3,42794.54
698,Merry,Eadmeads,T,1983-03-21T01:33:33Z,FnSCcrN,23532.91
699,Chantalle,Dunbabin,O,1956-05-19T03:25:33Z,b6x2eT7aE,39622.48
700,Sayres,Layfield,Y,1962-09-24T07:35:09Z,uWEpXgj20D,33429.48
701,Bethena,Fitzackerley,K,1981-03-29T18:05:49Z,xlgFc2YT,33946.47
702,Celine,Kleinlerer,R,2005-11-06T10:00:10Z,1CJ91CMEm,37533.52
703,Lelia,Stoakley,N,1989-04-25T15:36:39Z,L6FyN7kd,29311.42
704,Torre,Kynton,Z,1965-03-30T16:25:14Z,WTKgzgvAORd,38463.69
705,Alex,Whiteley,V,1951-03-01T06:56:02Z,PZJ1S8yLSxE,437.28
706,Carmita,Savine,Y,1955-02-23T08:38:15Z,gja7Ioz,45204.79
707,Toddie,Hammerton,X,1964-05-02T09:50:14Z,rP4h3wtA,162.74
708,Aksel,Blankett,X,2008-10-22T09:03:40Z,fgAEIUZ,3539.51
709,Genia,Yushmanov,Z,2007-11-30T04:04:21Z,qY5uUltluOS,12944.76
710,Dudley,Sill,D,2010-08-29T18:29:24Z,OBf7Rt0,28480.81
711,Vasily,Atcherley,R,2005-09-19T07:18:09Z,nxnIGZvy9,2422.45
712,Hillary,Doldon,F,1974-01-16T15:30:25Z,ZCLbDIkw,24026.59
713,Gaye,Saddington,W,1955-08-05T18:18:00Z,dPcAPh,871.44
714,Dyanna,Witty,P,2006-08-10T13:56:44Z,Eza1EVGp,3009.80
715,Randa,Tante,N,1955-06-03T18:19:24Z,o5k8iLtBg2,42790.00
716,Wright,Raspel,B,1992-05-18T10:33:55Z,4UNt1du9igr,28059.41
717,Janey,Foulks,N,1959-09-10T09:20:04Z,i5btbs8xoo,42273.43
718,Adamo,Sawter,T,1978-11-13T18:28:22Z,Gxm0KXCPs,31500.04
719,Wallie,Mancktelow,I,1952-03-18T19:12:38Z,Hr5yorYJF45,7729.85
720,Hollyanne,Joder,H,2005-02-23T03:06:17Z,bkC4CO2O,28017.22
721,Gino,Saye,G,2017-04-19T00:17:17Z,nkV0VbKG,22723.16
722,Alexis,Rabbitt,U,1962-10-23T10:24:15Z,3eCMrCP,38886.32
723,Grove,Echallie,W,1962-12-10T19:22:32Z,ZrLax1ZvSs3c,24568.14
724,Brittan,Jepp,X,1984-03-19T21:04:37Z,Z6Dk2b3X2s,24151.78
725,Hephzibah,Simmons,G,1980-08-06T12:55:34Z,GM7s9Mmxc7,32008.38
726,Dallas,McCaughey,E,1998-12-24T10:38:38Z,iVjhd5A,4452.10
727,Alisun,Blaase,P,1961-01-23T00:04:42Z,b6PmYc,43497.71
728,Ddene,Pentin,X,1990-10-08T18:48:01Z,5fNrTK2Ju,14866.48
729,Ciro,Crandon,I,1953-04-14T12:56:23Z,6N4bSdDbPlG,34909.61
730,Bruno,Innott,M,2006-06-10T13:05:17Z,X4uuyZxMj,47015.88
731,Arnold,Akroyd,T,2003-04-03T13:56:23Z,M2vOcSo,19814.79
732,Lizzy,Worsley,Z,1965-04-30T14:06:14Z,UjVG7S9ieB,27670.41
733,Eran,Skewes,O,1973-07-22T17:28:07Z,Sx75Yi90Chg,40249.95
734,Ashlee,Bramah,O,1967-04-13T13:56:37Z,s27JRR5,873.77
735,Cybil,Gerry,O,1958-09-06T08:17:41Z,0Tch5FfCplko,8050.34
736,Putnem,Gelderd,Q,1962-04-03T20:28:09Z,JMJcnMIOE,48677.98
737,Verna,Craisford,O,2017-07-21T06:06:56Z,UEcjKOFGu9MV,42782.46
738,Juan,Breydin,C,2003-12-30T09:23:02Z,H75XTCegvJ,36608.20
739,Hestia,Dalgarnowch,W,1994-07-05T06:43:39Z,KV59MF8N,38868.51
740,Lief,Tadgell,V,1981-10-11T23:23:24Z,c6ApixpitJ,2031.68
741,Josee,Lobbe,L,1994-02-06T23:08:45Z,dFiKN7,14748.15
742,Drud,Yurmanovev,O,2016-07-06T23:10:06Z,HQpXJnNfdR7,28504.18
743,Cam,Pendell,H,1971-11-06T09:16:22Z,YJ4a8xcICpo,14137.55
744,Jerrylee,Stammler,X,1987-02-09T19:58:28Z,B2JVvhL,49599.12
745,Karoly,Ransome,S,2011-03-18T10:58:17Z,AbqMFEkqb,47734.89
746,Charmaine,Addams,D,2002-02-11T21:56:54Z,yWfJZg,4863.37
747,Drucy,McKeag,T,1963-01-23T11:27:27Z,KBGs0Bei,19850.91
748,Aurlie,Rennebeck,D,2013-04-07T09:47:14Z,EmSu5F,18740.82
749,Jesse,Thow,X,1978-02-05T17:24:00Z,5OjSfzHc1AYz,44309.98
750,Henry,Spratt,I,1977-01-31T01:51:27Z,PYidvImBuS,17477.03
751,Merrel,Pingstone,F,2015-03-05T02:39:55Z,upzkBKeBpM,6878.23
752,Colver,Alexis,F,2010-05-09T22:03:38Z,3RprjTRx,34199.39
753,Rolando,Launder,S,1985-11-11T05:23:25Z,xlYN8NabFTAk,9675.41
754,Gabriela,Wozencraft,W,1967-10-12T01:46:25Z,wGT8qrMA,5451.71
755,Dorthea,Nerval,B,1995-04-11T00:42:46Z,BNp1y2ZTrD,18362.43
756,Willabella,Bragg,L,2017-07-18T05:27:22Z,y94wTSGlgYD,40587.09
757,Twila,Coetzee,V,1993-10-08T17:37:31Z,pJhAMyilQDCt,17665.96
758,Reginald,Crellin,H,2014-02-06T07:40:35Z,1Ppkte5,46805.98
759,Jobina,Oultram,I,1999-06-26T06:42:39Z,OekivgRQ,13330.16
760,Enrichetta,Lockhurst,D,1985-08-30T20:43:13Z,MNHwFjwDC63,39548.55
761,Jeanie,Dast,I,1952-11-26T17:51:24Z,FA0446igW,9652.58
762,Dionne,MacKimm,Q,1970-04-29T04:44:20Z,Agu1LN2Rrga,7611.60
763,Odella,Earles,K,1992-12-25T16:02:52Z,fzRndV,14720.93
764,Hamlin,Davenall,F,1994-03-10T14:29:54Z,guyVdPvgYV40,32.99
765,Tomkin,Dulake,Q,1979-05-26T19:26:38Z,IrTuaSn2b9R,40806.48
766,Jane,Lefever,Q,1998-09-27T00:26:56Z,DVk2aKBOI7,4306.45
767,Garrek,Stitfall,C,1978-10-24T00:47:51Z,gmPUs8bJVNqr,19017.69
768,Papageno,Ciepluch,B,1988-06-30T00:38:06Z,1Fw4C3,28898.04
769,Sheri,Yannoni,I,2004-04-01T18:22:34Z,ucj57ojgmE,1361.56
770,Tasia,McNevin,Z,2005-09-28T14:52:27Z,u9EBrFV0,27607.74
771,Cheslie,Magarrell,F,1955-01-05T09:55:05Z,p7ABfAG5,1696.60
772,Elyn,Ostick,H,1994-06-04T07:15:11Z,ap0Vzj,43431.86
773,Costanza,Arpino,P,2005-08-09T06:26:38Z,jPnEfG3W,8371.40
774,Ailbert,Staples,G,1952-11-02T00:18:02Z,NoxcnlA,23726.32
775,Nathan,Newvell,D,2014-10-23T01:16:04Z,yjJh74qE,20287.20
776,Haydon,Olden,N,2006-01-19T08:39:56Z,aWa0VS0mG,34429.59
777,Patin,Seleway,Y,1993-01-21T21:15:21Z,ShUuYZ,11520.94
778,Orin,Loddon,N,2008-08-15T21:08:34Z,pSnjfjt,47781.39
779,Maureen,Hammer,Z,1951-02-09T03:19:21Z,hoaGKHVvlBB5,16557.30
780,Arlen,Easterbrook,U,1987-12-29T14:44:47Z,edNVxa,45082.64
781,Cleveland,Matevushev,G,2007-05-16T01:18:07Z,H0BElHN1,38692.04
782,Belicia,Stow,Y,1978-09-01T15:33:39Z,ut8C6oQwLr,34396.55
783,Stinky,Doldon,Q,1958-02-21T01:32:57Z,l4jf4l4,28523.07
784,Nettie,Powys,L,2005-11-02T17:27:57Z,4GqQzgh8Wlz,47857.19
785,Jeanette,Boughey,T,1951-08-12T01:27:02Z,YmJ4uKrdc,33592.43
786,Ferne,Jakucewicz,W,1958-04-20T21:46:54Z,aL5jZskZqL5,10413.29
787,Chrissie,Lambert-Ciorwyn,M,1988-05-17T22:36:54Z,mzIF5DFv4gI,22363.15
788,Rog,Abrahart,F,2010-10-31T16:50:26Z,7QW1UCeAWCY,5461.37
789,Dottie,Willicott,R,1965-07-20T22:07:25Z,g9MgzJ2R,18902.92
790,Yehudit,Speaks,E,1963-01-09T15:41:27Z,0bN0vrZecLVR,45398.46
791,Gwendolen,Skunes,J,1998-02-11T11:27:25Z,hZIrD8,28846.62
792,Johnette,Edon,M,1965-08-05T06:04:51Z,yI71N3,33175.63
793,Rudie,Hassett,X,1995-10-25T05:41:47Z,zv3LYsaC,8033.29
794,Denna,Burnep,C,2012-07-11T08:52:18Z,uPslPdjX,9947.25
795,Kesley,Schroter,N,1975-01-23T20:21:49Z,x9wnIMowp,30651.70
796,Lulita,Pantone,T,1954-12-08T02:13:53Z,FPq9r5l3pYt,29954.58
797,Man,McIlmurray,O,2013-11-19T20:23:58Z,FYjusisT,16284.45
798,Pancho,Zaple,T,1973-08-26T23:38:49Z,8S78Pn,24545.68
799,Charlton,Antal,Y,1979-04-28T02:35:16Z,XQR8Qmz53k6c,42482.50
800,Gibb,Tollerfield,F,1965-02-26T19:31:06Z,1AUVkw,34851.33
801,Maryann,Woodruffe,R,1992-04-05T17:20:41Z,IcemI49jX,4309.61
802,Reed,Wadly,U,1962-02-09T23:35:07Z,g8ujgoCjZW,26463.61
803,Chelsea,Oag,G,1967-12-26T14:12:29Z,taRcJ46HGkk,23248.05
804,Gordy,Bottjer,D,1980-03-20T08:10:30Z,Q0VBqe,21394.89
805,Adan,O'' Lone,X,1980-12-15T03:40:21Z,98vFjrEMXF,19383.28
806,Cleo,Carrell,X,1994-04-19T20:51:01Z,rVswh8P8Auy,41206.24
807,Arluene,Bewlie,R,1956-09-01T19:39:30Z,Q1TNF0iS,28568.02
808,Kathlin,Revely,T,2005-06-11T01:55:27Z,E4xY90oDOtI,27355.96
809,Louisa,Spensly,G,1985-03-06T23:24:19Z,qQ1tb1Ftm1,14848.52
810,Jasen,Lockhurst,P,1985-04-18T12:31:24Z,XWU1yPQ,30210.59
811,Jordain,Arro,Q,1983-02-09T10:28:30Z,PUJSdOa79N2,44133.23
812,Heloise,Godain,B,1983-09-10T05:25:56Z,5U2jQxLd5vz,34676.40
813,Esdras,Castenda,C,1961-10-07T18:43:50Z,sLnuARop,22994.09
814,Nahum,Haining,N,1973-04-07T12:06:39Z,6DICT3XJIrxB,49336.18
815,Harlen,McBeith,B,2015-02-16T07:58:55Z,mL1NUMJsZ,6148.00
816,Rebecca,Wasselin,Q,1963-07-21T20:09:34Z,mcjT09D,2779.05
817,Clerkclaude,Mulqueeny,O,1967-03-25T06:35:12Z,VMuZnK,18694.95
818,Lucky,Dodman,H,1952-04-24T13:06:29Z,SFD2YtKd0yC,13922.14
819,Tucky,Pritchett,I,1994-12-06T23:35:36Z,5N2l48GW,36800.09
820,Christi,Bing,N,2001-10-22T20:43:41Z,oYYwfb,23418.05
821,Verla,Umney,C,2009-08-01T00:37:14Z,4MN9ye6I7,24999.81
822,Angelita,Handslip,W,2010-05-24T05:28:07Z,Cq4eeK,22702.47
823,Jordan,Shimon,T,2015-06-08T07:15:52Z,WgdJmci,6359.34
824,Constantina,Bakeup,W,2016-01-22T04:22:55Z,LHVLSwcnLG,13765.51
825,Zebulen,Cargill,B,2013-04-17T20:49:13Z,jORPiQRgXjpR,6085.80
826,Sallee,Hensmans,V,1990-10-13T19:16:56Z,zzlexwh,33233.17
827,Gearard,Petrelli,B,1987-04-26T13:01:02Z,OzhSjtGTVW,24989.49
828,Charla,Bineham,L,1966-03-30T01:18:37Z,jh67hrz,9316.26
829,Madeleine,Cudbertson,L,1992-04-18T13:45:39Z,nM0uH5h,36216.18
830,Wendell,Southernwood,Q,2009-01-19T20:03:39Z,EINmD6Eu5S,48543.19
831,Jodee,Bird,K,1954-05-11T07:48:20Z,4nHSOGduWOjO,49501.47
832,Jacinthe,Goldthorp,J,1986-06-29T08:37:47Z,cSXwZY5d,5725.02
833,Terry,Abbie,D,1970-06-17T13:08:16Z,7r1BjPm,42476.36
834,Jeniece,Aronov,Y,1969-10-03T09:45:14Z,WFdK5f,5038.08
835,Ozzy,McCarly,Z,1979-07-26T14:03:04Z,xYGGwR8Jk,5961.87
836,Robbi,Cominetti,S,1994-12-25T06:55:25Z,pp33eZFeZxxL,5879.39
837,Mason,Trenaman,K,1977-01-05T08:23:08Z,cTiu3o8V,34078.33
838,Andrey,Knotton,W,1999-10-25T21:09:13Z,bIvVKIdhYA,33313.54
839,Bailie,Springthorpe,A,1952-11-02T15:34:40Z,CrRezy,43652.00
840,Ivette,Toxell,S,1988-09-20T08:42:50Z,SMqjTEvRFwaO,10303.48
841,Giovanni,Gilhouley,M,1984-10-06T09:32:54Z,J6BTjUnRfG,29801.93
842,Kellen,Pydcock,X,1972-01-23T22:42:46Z,jBnpAwn,25384.37
843,Moreen,Wharfe,B,1995-05-15T13:19:57Z,HH6CmrLNy,40856.39
844,Philbert,Worsley,S,1961-03-18T01:53:14Z,ND7xmx0,32430.07
845,Guthrie,Castan,Z,1955-03-16T14:08:34Z,fnoXKN,45175.24
846,Alphard,Vonderdell,Y,1987-08-24T07:08:37Z,EsefYngJ42Tb,697.65
847,Jayme,Paolini,T,1979-01-26T02:33:42Z,6l5DG8By10,28587.15
848,Caitlin,Abbs,W,1957-01-27T11:18:49Z,6fdHUwow86,43004.45
849,Chelsie,Duigan,W,2013-11-13T21:53:47Z,pi3N2D3ATf,14879.66
850,Sydelle,Medford,P,1966-01-21T01:23:40Z,DThDhOr,39740.99
851,Terese,Dimitriou,T,1957-11-07T16:12:22Z,r4Sa9Kr3hOE,39189.17
852,Goober,Kesten,Q,1967-07-26T15:28:10Z,Qz4PeaszMSB,38173.55
853,Brigitta,Saynor,B,1955-07-31T12:24:49Z,X1N0UPZg,912.66
854,Katusha,Cutford,G,2014-08-26T09:00:43Z,erhtQODlW,37454.29
855,Sandro,Stonehewer,K,2004-11-06T14:05:38Z,dWhgcGmh8vTT,31402.18
856,Jessica,Hurst,D,2008-02-28T02:24:51Z,4k4LY4x,48987.46
857,Mathias,Hefferon,U,1972-09-05T16:36:04Z,o6pq1TZTek,16774.31
858,Miller,Shapira,X,1988-05-13T16:11:08Z,rO1n05YKVnp,19458.88
859,Archer,Haverty,A,1960-01-23T04:23:41Z,44y8peJ,48428.90
860,Selig,Schutte,B,1990-07-21T07:51:02Z,3JTjfrvIy,13075.92
861,Tillie,Witcherley,L,1957-06-19T13:57:50Z,mcwyjLSHrqMI,9795.45
862,Rodolfo,Pridden,L,1997-05-11T22:30:59Z,Htx84lBcAQF,47721.25
863,Joelle,Connick,T,1972-04-26T08:48:51Z,OS1Tz6JTQ,20319.91
864,Alfi,Hardeman,D,1950-12-22T00:20:06Z,WDgjVtpJLrN,16170.05
865,Tanya,Clutram,B,1978-10-28T17:49:51Z,ff1BpiFsHO,43413.29
866,Colet,Osbiston,V,2001-05-17T12:43:23Z,E7HampDBwSe,34387.61
867,Netty,Ewan,J,1963-08-02T12:46:59Z,vRfC5lR6g,12990.74
868,Dania,Robshaw,R,2007-06-01T03:57:34Z,vbQSHfyt,13694.98
869,Hamlin,O''Cosgra,J,1985-05-16T16:26:54Z,ubnbn1,5515.31
870,Yolane,Rochester,S,1962-07-20T15:10:46Z,7txRjIFI,11247.07
871,Abeu,Bowkley,P,1973-02-24T20:50:16Z,zonaFykWFR,47018.97
872,Aila,Ballsdon,E,1962-12-11T11:06:55Z,dtS55VClR1,48209.77
873,Bryant,Edgeley,E,1975-05-19T01:32:43Z,BxKI1i,41698.45
874,Roxanna,Buyers,Q,1978-10-25T18:58:13Z,OYSBBWcvhE,5224.81
875,Eloisa,Keefe,S,1955-08-14T14:19:45Z,Dw34CdqvD,29050.10
876,Misti,McKellen,E,1988-01-30T06:55:32Z,W6lz3b710,44007.12
877,Chandler,McGenn,D,2011-04-14T19:33:17Z,5ohy3mPCp9m,46256.95
878,Maddy,Revely,T,1953-01-30T12:17:32Z,AlP8kd7tq,23135.42
879,Lindsay,Fierman,S,1973-12-24T18:58:25Z,io5KlN,24365.13
880,Gill,Whaley,N,1995-02-14T11:48:23Z,XJIf37fjwYH,41765.78
881,Abelard,Domek,U,1966-02-16T18:01:28Z,uk1MOX55FpIz,40564.25
882,Rickie,Frie,V,2004-01-12T14:58:07Z,3AavRY0d6,22553.30
883,Celisse,Portt,I,2011-06-28T03:36:57Z,k4uuhilwe,8117.19
884,Georas,De la Yglesia,E,1976-05-01T17:50:58Z,n52v5l,24720.84
885,Rafaelia,Monroe,U,1975-11-17T19:23:48Z,AOyo9O6dikNJ,41951.21
886,Harmonia,Cleator,M,1999-08-17T03:48:47Z,EdDZJLjeSoRt,9282.92
887,Charmine,Gipson,E,1985-07-22T18:30:23Z,NsxpvoxS,43634.63
888,Miof mela,Iczokvitz,T,1964-11-04T17:48:53Z,eOVIJIi,15664.38
889,Nelson,Petrina,G,1986-07-01T00:42:42Z,xXrcMUOW,975.62
890,Felic,Urian,N,2012-09-16T19:43:41Z,XbasW2Oj,11196.48
891,Hakeem,MacConnulty,N,2004-08-19T14:21:31Z,ctJlSu92,41774.14
892,Dyanna,Lunck,O,1957-01-25T08:26:22Z,GVsNjCV,42317.32
893,Rolland,Baitman,I,1985-09-09T17:56:46Z,Ct2kv39jm,17508.31
894,Demetris,Sunderland,B,1995-04-24T19:29:34Z,tMzoJqlTU,42789.24
895,Nicolette,Giovannazzi,L,1993-11-27T12:20:11Z,XNqxE5G,35101.88
896,Buffy,O''Halligan,F,1979-01-14T06:40:53Z,KqcdwOkoY,26776.21
897,Pernell,Lambillion,N,2005-03-15T17:18:53Z,4P9pzqH,29840.13
898,Sven,Rosengarten,R,1993-04-01T03:03:36Z,lx4sGda,4618.20
899,Melantha,Racine,P,2000-08-23T03:39:56Z,XZRvq4id,42459.75
900,Selie,Olphert,D,1966-10-30T10:42:33Z,qIqKCSP2m5,22922.37
901,Ignacius,Ethridge,U,1973-12-03T14:18:31Z,2ZbrZh3,39314.63
902,Iolande,Puckham,S,1955-07-26T16:54:26Z,ZMpQwm,21849.44
903,Thain,Baudacci,J,1985-10-23T20:00:58Z,5eAKvfVm03,38692.48
904,Tamqrah,Purves,M,2006-10-17T18:06:34Z,n7Ub6Z,48633.43
905,Jana,Corgenvin,R,1978-01-29T03:24:23Z,GOvoyTL,4983.20
906,Clarke,Biggerstaff,D,1959-10-30T12:54:00Z,9zH9L0OzkA,9030.69
907,Winne,Quinby,G,2004-02-26T23:15:25Z,EvVzCxstjKxS,5684.43
908,Reginald,Whinney,J,1971-02-23T01:27:30Z,Cfc0sCM4uY5,14372.18
909,Noella,Merigeau,B,2007-10-22T14:00:05Z,JLdNiR7jc5TP,1231.83
910,Nickolaus,Gumm,P,1960-09-07T23:13:51Z,0KTiUeuKVurG,7311.73
911,Candy,Carillo,G,1973-07-10T18:47:04Z,EXAwda5uhsul,28855.38
912,Benito,Marcham,C,1980-06-04T00:03:04Z,GO2itfwiyhBp,10125.94
913,Brendin,Tibbits,K,1983-10-09T15:26:42Z,IUSwLcJq6,29137.10
914,Gregorio,Broggio,B,1972-04-09T08:48:25Z,MbIAm0fkXp,47555.99
915,Goober,Hanham,I,2004-04-23T03:16:14Z,dQUbPlq6V0LI,11325.06
916,Melva,Ranking,K,2014-09-29T13:48:11Z,x3q7oL,9078.83
917,Hercules,Rowbottam,O,1957-12-17T16:24:29Z,0syYSg,37540.31
918,Corly,Jados,T,1960-12-10T13:12:07Z,5wtZZtN,44729.03
919,Samson,Marham,S,2011-05-29T16:55:12Z,nPcNK2WTYc6,4934.93
920,Maynord,Chaffyn,M,1983-01-14T23:07:39Z,pn4pes4rN0,48416.26
921,Emylee,Larderot,B,1954-05-29T02:36:08Z,wyjwXyjbm2OM,14856.45
922,Sergent,Wallworke,D,1983-09-18T00:17:42Z,wnFTJeX4Vz1,7639.26
923,Tonye,Held,Q,2015-08-30T00:10:51Z,QWJZTXkIwqp,28541.44
924,Baldwin,Wahlberg,F,1991-04-17T09:47:52Z,zSIfGwrqYG,19830.70
925,Clarinda,Jirek,N,1989-07-03T15:15:26Z,BAO9sMXdU,44189.67
926,Helga,Summerhayes,J,1967-12-20T19:51:48Z,IgUiVntYJe,34391.60
927,Meryl,Pietasch,Z,2001-05-29T19:36:35Z,w0Rem2Yt9,2178.63
928,Wilma,Chater,K,1985-05-25T17:53:33Z,uDn8SDY,23067.04
929,Ulrica,Pauly,D,1970-09-15T13:30:54Z,LtQxl4NPI8qR,6520.89
930,Lesly,Fairest,A,1985-10-28T06:42:17Z,B6lRjUta7,11335.34
931,Kassia,Anyene,N,2009-09-13T02:21:16Z,4CgfUkL8vL,39549.14
932,Arleyne,Lobley,P,1975-07-16T19:23:49Z,xQkv2f,7446.06
933,Eden,Dalgardno,M,2014-02-06T09:37:20Z,4xR7i9R,37039.24
934,Adria,Venney,R,1952-01-06T20:57:26Z,76fjkg,24399.84
935,Anthia,Harback,S,2013-04-15T09:22:45Z,WdwzL0G1X,7271.35
936,Theresina,Ruggs,A,1984-09-29T19:52:48Z,bCWOvmgPcWA,5527.63
937,Rikki,Tremberth,U,2006-10-19T05:07:01Z,sbs3kMzW5TV,19181.84
938,Lainey,Houseley,G,2003-10-15T19:56:11Z,jdTwwIy,4814.08
939,Otha,Heather,T,1984-04-27T01:48:03Z,b4puJns,42559.03
940,Cherice,Dabernott,I,1953-01-21T05:51:09Z,WPEDd17F1GD,49312.85
941,Petronilla,Dassindale,J,2005-08-14T00:23:00Z,FMx03if5XM,28051.55
942,Sauveur,Dimmock,F,2011-11-08T17:16:55Z,OMh5ap,42071.14
943,Reg,Rewbottom,Z,1985-07-18T13:10:07Z,EHmMuqB8pBh1,30498.17
944,Abbe,Awton,G,1980-12-08T01:17:43Z,R4p6t27BIT,2966.42
945,Elene,Sabatier,M,1957-12-19T01:12:18Z,XaGio5daUil,48879.47
946,Cindelyn,Arrigo,C,1968-10-11T22:51:13Z,u0m74rT,41771.01
947,Shandee,Christofol,M,1997-10-27T05:55:18Z,afLMjQWGr,42121.84
948,Jenilee,Cline,K,1972-05-29T21:09:53Z,foj2qSUS,11623.00
949,Del,Colt,M,1976-08-22T02:30:46Z,MIroGHU,36643.57
950,Enos,Muzzini,V,2002-10-24T04:01:56Z,jTdxHvi,36682.04
951,Genna,Crosson,M,1952-03-09T00:40:55Z,WltzlL4Ka,23416.79
952,Esteban,Morehall,R,1977-03-10T16:31:01Z,pl2l0iD6,1049.79
953,Monro,Jorez,G,1999-11-20T08:08:14Z,YCS4chCveW,24984.13
954,Clarita,McCleod,N,1975-10-14T14:36:25Z,kRiQsy7,30422.64
955,Adeline,Peagram,J,2006-01-06T16:03:12Z,HPvKVKe7v6p,48266.56
956,Inge,Curtin,G,1992-07-01T00:26:08Z,OaF4ZW32eN,45972.29
957,Giacinta,Braybrooke,A,1998-05-20T20:40:58Z,OQ9Tw6,26133.30
958,Enoch,O''Hagan,X,2005-07-16T22:10:50Z,v4c4xgri,38064.51
959,Gal,Harcourt,J,1981-06-03T02:11:54Z,1UcNdGMM,30681.93
960,Colline,Tweed,E,1986-08-11T16:13:14Z,O4GHoyWw5apm,23904.59
961,Melony,Huckett,H,2004-02-11T02:40:40Z,q8p212OMW,45332.35
962,Milly,Care,U,1952-08-05T12:18:04Z,z2RtgdFZw,34460.86
963,Aretha,Reynoldson,O,1967-09-24T10:21:43Z,LwtpHiks4,38739.64
964,Bess,Sindle,Q,2009-02-19T21:26:54Z,CNiElx,10469.05
965,Beck,Coughtrey,T,1985-04-13T11:04:58Z,V7CtPY,3998.07
966,Norrie,Hearnaman,C,1950-10-20T04:06:50Z,cBJHu2LB,27003.52
967,Amalee,Van Rembrandt,A,1981-02-08T21:21:52Z,1UDUjoxp8,27580.28
968,Coreen,Dunnett,X,2002-06-01T06:36:30Z,yx9t9ipXNRz,14573.78
969,Ernesto,Tolliday,S,1987-05-24T15:02:26Z,iPJgHnszp,16248.96
970,Tera,Grahamslaw,F,2013-05-31T06:19:29Z,f1LuUxi6fBeX,13894.35
971,Elsinore,Bolesworth,W,1984-04-20T08:51:09Z,CRtiJswlRa,20197.87
972,Lock,Kerby,N,1999-03-23T02:38:10Z,2XPZWkWP,31186.41
973,Delly,Idill,L,1977-08-19T19:28:02Z,qiS0EGW,38268.05
974,Gretal,Baldcock,P,1987-03-17T02:54:57Z,cB59w0TjWBVh,44545.70
975,Roth,Oluwatoyin,I,1953-08-13T02:35:07Z,QE3YohOP,12416.64
976,Catharina,Hedgeman,B,1987-08-29T08:32:04Z,WNykweTPwE,42954.22
977,Derron,Cloute,P,1996-07-29T04:17:45Z,KbImtDV2,43994.90
978,Deeann,Bark,L,1971-09-04T06:12:03Z,0Rr8lrlj5,38273.49
979,Emmy,Dannehl,S,1981-12-08T05:23:57Z,4YVj1R,20617.69
980,Zoe,Deuss,R,1991-05-10T00:09:01Z,scUsug,35365.66
981,Roland,McGrae,D,1975-08-06T05:31:38Z,AoULdaq1,2686.12
982,Jinny,Neaverson,P,2011-09-22T02:59:13Z,AUGA4cUj,9745.28
983,Bailey,Bome,S,1953-07-28T11:18:58Z,ravdnFmiH1Ef,30719.00
984,Weston,Vedyashkin,V,2008-11-08T14:48:54Z,y4wpr6ZEWwK,34094.48
985,Durant,Brisco,E,1996-11-05T18:09:49Z,Vz48WtI5,42166.55
986,Bernadene,Ponsford,E,1952-09-11T06:32:12Z,hBrCR3eo,28035.83
987,Hurlee,Cacacie,K,2009-05-14T08:00:15Z,ArS8JlPaKN,31663.62
988,Berrie,Serotsky,B,1991-07-25T10:54:44Z,xYwKXhXTD,5912.62
989,Garnette,Volant,T,2009-04-01T20:52:43Z,DXzCKot,37826.70
990,Fanni,Memory,M,1997-09-14T09:51:37Z,B1UkMWDF0FtD,14773.86
991,Adrian,Bruhke,B,2011-06-29T13:44:26Z,seQyEwJtV,21768.90
992,Cthrine,Kernell,N,1975-01-22T03:24:04Z,KiPxE1,2743.11
993,Rossie,Allsebrook,H,2012-06-28T03:34:06Z,avtGG3s082,8997.37
994,Don,Winward,G,1985-03-01T20:37:28Z,zVbzW8,38128.44
995,Willem,Fearnyhough,E,2017-05-15T00:52:59Z,g3r5Tk,12234.70
996,Gerry,Worthington,L,1998-03-06T04:09:29Z,oXTFK6myLwjn,13267.94
997,Reiko,Sprosson,M,1994-03-03T02:01:31Z,YEWBukFz41V,43583.76
998,Bogey,Burr,V,1975-10-25T00:07:57Z,KoOhS1xMlyq,31052.71
999,Worth,Jencken,I,1991-01-08T00:33:47Z,nwyiqAq,42616.89
1000,Erny,Freer,L,1959-08-05T13:42:56Z,2U9du6o7cjO,30731.33
